channel,h,var,coef,se,p,n
G,-2,M_z,-0.6724993802963475,0.44127354213950476,0.13003558856343395,2794
G,-2,MxW_F,-0.803356167446365,0.35011464447449536,0.023426614305391648,2794
G,-2,MxW_T,-0.42034382974288087,0.48468060499637744,0.3874616794458906,2794
G,-2,MxW_I,0.0770587968926903,0.2675611204395069,0.7738202994289439,2794
G,-2,W_F,-2.1947834262381245,0.5300829407748828,6.328076437157776e-05,2794
G,-2,W_T,2.166337758425417,0.8063492796487045,0.008200118812833048,2794
G,-2,W_I,-1.0094107664755088,0.48579287529371284,0.039768689342040434,2794
G,-2,infl_z,-0.43414379083451904,0.419334506571503,0.3025200522152759,2794
G,-2,gov_eff_z,-1.3287095090451002,1.1877334367395302,0.2654161903938349,2794
G,-1,M_z,-0.38867196259418907,0.22583016782388327,0.08771028420856326,2901
G,-1,MxW_F,-0.34495678664295737,0.1570116748502648,0.02986303098863237,2901
G,-1,MxW_T,-0.15802469962958207,0.23927577292909302,0.5101936769803825,2901
G,-1,MxW_I,0.05252736169729995,0.13378195394751444,0.695258456917419,2901
G,-1,W_F,-0.9801916625681003,0.25062856323503147,0.00014997576144067562,2901
G,-1,W_T,1.679674511526524,0.38007816760058927,2.123503061249503e-05,2901
G,-1,W_I,-0.5571782986747302,0.22012281436860248,0.01260716399448998,2901
G,-1,infl_z,-0.5278044910163553,0.18847312838470476,0.00591512977363888,2901
G,-1,gov_eff_z,-0.7783681164837548,0.5541273000039978,0.1625983762578005,2901
G,0,M_z,-0.6054906686252429,0.20087302468863813,0.0031196641937200047,2901
G,0,MxW_F,-0.24042737183831886,0.11714091511381827,0.04221205382687017,2901
G,0,MxW_T,-0.06423779663857937,0.2752754723662676,0.8158649623630313,2901
G,0,MxW_I,0.144016137755344,0.1365821249319467,0.29372044199175523,2901
G,0,W_F,-0.475114779089646,0.2307115393356101,0.041537580693957674,2901
G,0,W_T,2.093213044971335,0.40152886232604784,7.452816130218592e-07,2901
G,0,W_I,-0.42929741606100824,0.18698984894223844,0.023350897874447635,2901
G,0,infl_z,-0.9082613808095756,0.17635792505928086,9.841219090775298e-07,2901
G,0,gov_eff_z,-0.6301488816928904,0.39848102171739075,0.11631883296978186,2901
G,0,growth_lag,0.12195666213016329,0.07497701413872279,0.10634313722298623,2901
G,1,M_z,-1.2886011305158749,0.43438339323794173,0.0036096301560844734,2798
G,1,MxW_F,-0.4739016179248024,0.17373236307920986,0.007294573758261388,2798
G,1,MxW_T,0.40989581445805434,0.5190818961814931,0.43122441188596977,2798
G,1,MxW_I,0.3231294091146382,0.2810254637399529,0.25241210458139984,2798
G,1,W_F,-0.4114774111257179,0.444253988089138,0.3561159071250726,2798
G,1,W_T,4.678405543452824,0.8110409830486432,5.928603214973858e-08,2798
G,1,W_I,-0.8727715399742417,0.4162193782194671,0.03801765139938831,2798
G,1,infl_z,-1.2661273472372394,0.20697100017274986,1.1273371675556848e-08,2798
G,1,gov_eff_z,-1.4855688226325792,0.8568786832965394,0.08543733849542737,2798
G,1,growth_lag,0.1133565654965965,0.10038453403597383,0.26096601212583026,2798
G,2,M_z,-1.65504145136547,0.6569610472352354,0.013022215351125186,2678
G,2,MxW_F,-0.8069437007250712,0.25357755309943314,0.0018439790617775726,2678
G,2,MxW_T,0.7819220385370163,0.8683727747590216,0.3696149353039468,2678
G,2,MxW_I,0.38123702929764225,0.42754674324196695,0.37427501338352465,2678
G,2,W_F,-0.2494916069348776,0.5535485904563769,0.6529771622391276,2678
G,2,W_T,6.778069081958001,1.3310450789468948,1.267846128432726e-06,2678
G,2,W_I,-1.3038143240947917,0.6308821893726166,0.0408316512263188,2678
G,2,infl_z,-1.111287807280313,0.28101320142003855,0.00012760854889140678,2678
G,2,gov_eff_z,-2.471220066245367,1.3251425100743368,0.06454449625509678,2678
G,2,growth_lag,0.10513687678579531,0.12299221109576175,0.3942831768369168,2678
G,3,M_z,-1.7564009310764135,0.8726656926966979,0.04629651251435882,2557
G,3,MxW_F,-1.184446535991355,0.329250620159099,0.00046139649142836305,2557
G,3,MxW_T,1.0994090741803761,1.1213897153009151,0.32878303782133017,2557
G,3,MxW_I,0.22309981712850258,0.5648686528213819,0.6935464718959895,2557
G,3,W_F,0.03368668417508802,0.5879307958965165,0.9544000818165908,2557
G,3,W_T,8.691849971495353,1.7747135214420318,2.9382236094703897e-06,2557
G,3,W_I,-1.7987119233897868,0.8541561200916777,0.037219317761173314,2557
G,3,infl_z,-0.9592625082797386,0.4301102409426854,0.027513685932539323,2557
G,3,gov_eff_z,-3.9565244809611357,1.745863056973853,0.02515672790604641,2557
G,3,growth_lag,0.15116866593702072,0.13007269525863047,0.2473740802085758,2557
G,4,M_z,-1.5843949190232218,1.1015227132461338,0.1528287325973678,2436
G,4,MxW_F,-1.4384204800973783,0.4401157107073743,0.0013975278760097508,2436
G,4,MxW_T,1.0810647892509608,1.407470704136892,0.4438820630977326,2436
G,4,MxW_I,-0.12573000206633508,0.7264197912869974,0.8628671314512846,2436
G,4,W_F,0.36623124428956855,0.6481739660921669,0.5730728247062002,2436
G,4,W_T,10.118983854674244,2.1821817007024316,8.766033174611865e-06,2436
G,4,W_I,-1.958767871114285,1.0626071440619191,0.06764506214733952,2436
G,4,infl_z,-0.7587490664618897,0.6070344778199428,0.21366113254634622,2436
G,4,gov_eff_z,-5.457896620335985,2.1537093238710967,0.012506134570029531,2436
G,4,growth_lag,0.19227772023967551,0.14518369218005314,0.1877947759903482,2436
N,-2,M_z,-1.738847138285746,1.4431591157535062,0.23063671660613871,2563
N,-2,MxW_F,-1.397247668406926,0.8038655999132954,0.08476915742089781,2563
N,-2,MxW_T,0.6614203925977388,1.7108844334242554,0.6997460292248573,2563
N,-2,MxW_I,0.6232431430586964,0.9281866566166199,0.503226900042251,2563
N,-2,W_F,-5.787161481187885,1.4910493502789606,0.00017101942973315166,2563
N,-2,W_T,10.507206158521434,2.9897659658319786,0.0006242319617850112,2563
N,-2,W_I,-2.7331435187926747,1.2740356461545208,0.03396377645661468,2563
N,-2,infl_z,-3.287115442429657,2.3453056236997543,0.1636457961971939,2563
N,-2,gov_eff_z,-0.3527924057319781,4.468491724601122,0.9372041150193648,2563
N,-1,M_z,-1.031435410904366,0.7361479134681828,0.1637791249579372,2677
N,-1,MxW_F,-0.38503220521665305,0.513409939882957,0.45476446796199377,2677
N,-1,MxW_T,0.4359067300276991,0.916039094252422,0.6350462680068263,2677
N,-1,MxW_I,0.4202715421726506,0.5140383878010428,0.41522653588815706,2677
N,-1,W_F,-2.307099500661996,0.8538365724980644,0.007898957558091805,2677
N,-1,W_T,6.397923724969474,1.697803906125138,0.00025713387900457436,2677
N,-1,W_I,-1.3917672200748916,0.7114784335609043,0.05278903484478835,2677
N,-1,infl_z,-2.4715572862312554,1.1317581345650112,0.030937113200595844,2677
N,-1,gov_eff_z,-1.2832272150619233,2.258776811299029,0.5710326344916367,2677
N,0,M_z,-0.5452648279776875,0.6871147334665658,0.42903276141867525,2690
N,0,MxW_F,-0.362268619833904,0.4885023818479187,0.4597966750862114,2690
N,0,MxW_T,1.0814221310543843,0.7810772576646291,0.1687879493220335,2690
N,0,MxW_I,0.6711808243455069,0.5261403505165482,0.20455715417350806,2690
N,0,W_F,-1.2298502989583815,0.720806704225032,0.09057680554689738,2690
N,0,W_T,8.033944230579745,1.7689853394205601,1.3471768138932076e-05,2690
N,0,W_I,-0.9399862927514828,0.7038214123418306,0.18424639608891322,2690
N,0,infl_z,-2.5152477420856334,0.9490514312445114,0.009136226494804934,2690
N,0,gov_eff_z,-1.6781356049145841,2.3141996210443274,0.46978520981098576,2690
N,0,growth_lag,0.021727787404219538,0.33060433905384734,0.947709900422009,2690
N,1,M_z,-1.1162178371113192,1.4173176624292683,0.4325219750274165,2574
N,1,MxW_F,-0.6119905191285241,1.179157875144343,0.6047201354080186,2574
N,1,MxW_T,2.1261776695811827,1.4068659926533458,0.1333664576435222,2574
N,1,MxW_I,1.0193343928723053,1.150247980240408,0.3773043043442003,2574
N,1,W_F,-0.6655345772229615,1.5073097704046818,0.6596248083102356,2574
N,1,W_T,13.048814953971696,2.866771124847968,1.292784651899278e-05,2574
N,1,W_I,-1.4270212657061607,1.3827351890370634,0.3041519606707431,2574
N,1,infl_z,-3.3954259218970075,1.9343905287950762,0.0817822221900129,2574
N,1,gov_eff_z,-1.9110540700373564,4.174903768819929,0.6479681588923025,2574
N,1,growth_lag,-0.13545675215203595,0.3307563871358548,0.682882356200922,2574
N,2,M_z,-0.7227477500074009,2.2246607364948763,0.7458471782157788,2454
N,2,MxW_F,-1.7459969697778532,1.5783412696925458,0.2708803187039617,2454
N,2,MxW_T,2.3891819009378743,1.8354834948262218,0.19556691534972262,2454
N,2,MxW_I,1.2830262443161569,1.6096541751274518,0.4270043815306353,2454
N,2,W_F,0.06558115716127749,1.6393847551509266,0.9681579265758309,2454
N,2,W_T,17.013182773027264,3.6489036902265246,8.289359079602401e-06,2454
N,2,W_I,-2.1664650257900817,2.222207503875869,0.33159643895977103,2454
N,2,infl_z,-3.266076765129697,2.924610388758476,0.2663673793824961,2454
N,2,gov_eff_z,-1.287479786843552,5.5371972953636295,0.8165410706335414,2454
N,2,growth_lag,-0.20064981510188412,0.3774751765802581,0.5960316658829534,2454
N,3,M_z,-0.013041361591432876,2.907274288489428,0.9964284608315545,2335
N,3,MxW_F,-2.1531037238726958,1.959276190259616,0.2740365277814767,2335
N,3,MxW_T,2.933673108151074,2.4161578994029522,0.22709985183348141,2335
N,3,MxW_I,1.3388365532296178,2.0349887290405433,0.5118783219211476,2335
N,3,W_F,1.502400450010867,1.8133308775886001,0.4090426785281763,2335
N,3,W_T,21.294710797694147,4.459992937242677,5.2169754879618405e-06,2335
N,3,W_I,-1.7833831282059416,3.2355313171693285,0.5825475894340065,2335
N,3,infl_z,-2.6088144342509136,2.8642900570309355,0.36425408866405196,2335
N,3,gov_eff_z,-2.5717623376995267,6.416082608866545,0.6892696878150464,2335
N,3,growth_lag,-0.10103024835927321,0.4800786493112969,0.833683177510549,2335
N,4,M_z,1.9778745959913988,3.5293642960811584,0.576274513052911,2217
N,4,MxW_F,-2.679129867680559,2.4251302127522334,0.27154048340419945,2217
N,4,MxW_T,3.6477544146047007,3.10181852950715,0.2419801751830973,2217
N,4,MxW_I,1.413152140371332,2.556783505085111,0.5815184899507186,2217
N,4,W_F,2.7949984436797504,2.106183740323807,0.18707808933842415,2217
N,4,W_T,25.440427567726402,5.471364989116652,8.800911726561617e-06,2217
N,4,W_I,-0.18265886309385504,4.538173768737347,0.9679628796577704,2217
N,4,infl_z,-1.2633900376921474,2.6666388048611602,0.6365423874013678,2217
N,4,gov_eff_z,-2.5834054421986545,7.437331413348609,0.7289475660080321,2217
N,4,growth_lag,0.09899256794503702,0.45777584375051417,0.8291719401170078,2217
I,-2,M_z,-0.10110739195732574,0.08805547760328777,0.25306883653107587,2800
I,-2,MxW_F,-0.028917459784901324,0.02681782949263547,0.28297974362711925,2800
I,-2,MxW_T,0.026135116429155204,0.057367342911803065,0.6494861556836354,2800
I,-2,MxW_I,-0.03416806028470729,0.059763367585797054,0.5685366633907417,2800
I,-2,W_F,0.005892838054074392,0.03165694093722583,0.852631395797932,2800
I,-2,W_T,-0.14793403973669622,0.08423880275558002,0.08151588757486224,2800
I,-2,W_I,0.6608049540644387,0.11355167807312248,4.665785332134093e-08,2800
I,-2,infl_z,-0.02589952308620983,0.0353170297296543,0.4647219211184442,2800
I,-2,gov_eff_z,0.15353809517966874,0.12396176417024336,0.21781742706101867,2800
I,-1,M_z,0.0,0.0,,2905
I,-1,MxW_F,0.0,0.0,,2905
I,-1,MxW_T,0.0,0.0,,2905
I,-1,MxW_I,0.0,0.0,,2905
I,-1,W_F,0.0,0.0,,2905
I,-1,W_T,0.0,0.0,,2905
I,-1,W_I,0.0,0.0,,2905
I,-1,infl_z,0.0,0.0,,2905
I,-1,gov_eff_z,0.0,0.0,,2905
I,0,M_z,-0.15728675448758972,0.07730757997097905,0.04401071110743517,2901
I,0,MxW_F,-0.00900075329320391,0.02374637677252791,0.705303530970116,2901
I,0,MxW_T,0.07429312903017267,0.05176691756478828,0.1537426826544252,2901
I,0,MxW_I,-0.020642952886407454,0.05651800710472969,0.7155453716905195,2901
I,0,W_F,-0.05679221824468789,0.03158022678873105,0.07453533564800252,2901
I,0,W_T,-0.19278795037105298,0.09808170771220262,0.05156367411874419,2901
I,0,W_I,0.7777448671047806,0.1779647228542329,2.582073083441761e-05,2901
I,0,infl_z,-0.05416713043622267,0.03759948449987325,0.152187995199309,2901
I,0,gov_eff_z,0.08012906059367608,0.1231976671495647,0.5166207437271111,2901
I,0,growth_lag,-0.0002147414672352783,0.004969076505471747,0.9655986512085648,2901
I,1,M_z,-0.22392490947167376,0.1337293207088551,0.09653973504307757,2799
I,1,MxW_F,-0.006436483513557722,0.04040453805291783,0.8736888367363105,2799
I,1,MxW_T,0.06009515841485493,0.10356429318037265,0.5627777352252803,2799
I,1,MxW_I,-0.09057515736685928,0.08204290134653233,0.2717149187424964,2799
I,1,W_F,-0.05985738368894704,0.05531633432915437,0.28129455836723816,2799
I,1,W_T,-0.16747684352058212,0.15030266792161245,0.267303854441443,2799
I,1,W_I,-0.23947483471519165,0.1362943935696212,0.08135928436684141,2799
I,1,infl_z,-0.09645428382799812,0.06024255003877742,0.11187929198551141,2799
I,1,gov_eff_z,0.11745892894855528,0.2173175835318708,0.5898179159687663,2799
I,1,growth_lag,-0.00798481061248687,0.006783446334933273,0.24139115487856297,2799
I,2,M_z,-0.33087021939618466,0.2079595532063216,0.1141283675387784,2680
I,2,MxW_F,0.0019480012515642776,0.061026931388395725,0.9745864787289527,2680
I,2,MxW_T,0.06484817751109093,0.16162201807862675,0.688933249178451,2680
I,2,MxW_I,-0.07988750422479363,0.12235118193313116,0.5149965679308701,2680
I,2,W_F,-0.05679306607576427,0.08087106112403883,0.48381841166078154,2680
I,2,W_T,-0.101042102920235,0.21824163134909355,0.6441817822783924,2680
I,2,W_I,-1.128437841538681,0.26638916997327755,4.375055297535463e-05,2680
I,2,infl_z,-0.11233124658122837,0.08905784196211906,0.20953917035839228,2680
I,2,gov_eff_z,0.1954212798850155,0.31047678815394847,0.5302207702723598,2680
I,2,growth_lag,-0.0194920733068863,0.00860819703045288,0.025274578357376693,2680
I,3,M_z,-0.4432360895200894,0.258055727555673,0.08834625643737083,2559
I,3,MxW_F,0.006129797720544497,0.0797196073290718,0.9388324231741962,2559
I,3,MxW_T,0.044230431989011186,0.20215960967425994,0.8271707278015146,2559
I,3,MxW_I,-0.07687388096532122,0.14670746603155319,0.601210345925802,2559
I,3,W_F,-0.08072016364310405,0.09640690089178335,0.40402970865139115,2559
I,3,W_T,-0.09787812646655569,0.2883067665924517,0.7348081048843672,2559
I,3,W_I,-1.9112641222668774,0.3482498334747693,2.1647293532043483e-07,2559
I,3,infl_z,-0.13816040210277447,0.12213582822733555,0.26013531293730163,2559
I,3,gov_eff_z,0.217521728555315,0.3810442108958039,0.5691214738093109,2559
I,3,growth_lag,-0.022218971850624714,0.010892280551389303,0.04346911622419207,2559
I,4,M_z,-0.542444469594656,0.3187474514175149,0.09127875691400893,2438
I,4,MxW_F,-0.003758387658631294,0.0982007076249293,0.9695314647852962,2438
I,4,MxW_T,0.036714314194937654,0.24429492961495317,0.8807805485105266,2438
I,4,MxW_I,-0.1435283051273467,0.1822583799420821,0.43248046045762684,2438
I,4,W_F,-0.11607546801370482,0.10918959887484433,0.2898025995594078,2438
I,4,W_T,-0.08298530605226123,0.3416334151426203,0.8084752262079462,2438
I,4,W_I,-2.9109620203488746,0.4726768652159058,9.244442932182963e-09,2438
I,4,infl_z,-0.15874880036553812,0.15889169750217175,0.3196760830990696,2438
I,4,gov_eff_z,0.3433539647458982,0.45082761022673634,0.44772846449058196,2438
I,4,growth_lag,-0.029737157071976945,0.013986934096159316,0.03546433450190856,2438
T,-2,M_z,-3.3919047336556463,0.9368950678519994,0.00042952105377120617,2614
T,-2,MxW_F,-0.4252768023508091,0.3617271975205854,0.24201048455176083,2614
T,-2,MxW_T,-0.6768609591375104,1.1246029955753156,0.5483798224425767,2614
T,-2,MxW_I,0.6329679292691913,0.6429098085646268,0.3268004794842023,2614
T,-2,W_F,-0.6793469500615968,0.5783525339790829,0.2424326694946669,2614
T,-2,W_T,10.81595138407087,2.1445110346879632,1.6101959961886174e-06,2614
T,-2,W_I,-2.6679737882867536,1.3375524012117732,0.04830817403337106,2614
T,-2,infl_z,-2.4989914553904398,0.8422147555072002,0.003617783818758587,2614
T,-2,gov_eff_z,-2.0458287229764864,1.8199534475461174,0.2631731167771022,2614
T,-1,M_z,-2.5639256449790486,0.6196407412920967,6.480930747098667e-05,2730
T,-1,MxW_F,-0.26442956605224904,0.19265918918956085,0.1724180321005898,2730
T,-1,MxW_T,0.06124476560152131,0.6910287429064842,0.9295225667986646,2730
T,-1,MxW_I,0.3945840719366454,0.37516734407714064,0.2949908098754345,2730
T,-1,W_F,-0.21192127458461296,0.2855912894975552,0.459486940908361,2730
T,-1,W_T,6.757980974204588,1.2109765511193733,1.4721305056813068e-07,2730
T,-1,W_I,-1.6456963642047224,0.7250418960351035,0.02497543909913336,2730
T,-1,infl_z,-0.9989385433123749,0.5141299443038573,0.054323493184100985,2730
T,-1,gov_eff_z,-1.7716300514437648,1.0277860461902106,0.08728899424634326,2730
T,0,M_z,-3.1005298951745828,0.6155596826063123,1.6569623702630012e-06,2745
T,0,MxW_F,-0.11159234768610159,0.2727971584793972,0.6832076369358816,2745
T,0,MxW_T,0.8826100489205209,0.6869672930801929,0.20129902087212978,2745
T,0,MxW_I,0.8678591123268877,0.37046787804976583,0.020769037799684465,2745
T,0,W_F,0.252514726185021,0.34553569592359235,0.4663073588263819,2745
T,0,W_T,7.715004067428037,1.3519522826630788,8.240870668769333e-08,2745
T,0,W_I,-2.1077386362846555,0.8062121437158114,0.010065491556298996,2745
T,0,infl_z,-0.917343647506446,0.47661620960118495,0.05659509164785186,2745
T,0,gov_eff_z,-1.3984154212938023,1.27635686300396,0.2753986976579805,2745
T,0,growth_lag,-0.2180964935994586,0.15172610200600384,0.15315417420395433,2745
T,1,M_z,-4.6043405498503525,1.019321938993905,1.4588104023270183e-05,2627
T,1,MxW_F,-0.8369917681242816,0.5444624754961387,0.1268140749021484,2627
T,1,MxW_T,0.41343893989004976,1.0573594155450998,0.6964712675972198,2627
T,1,MxW_I,0.7898815436671587,0.7215198019478121,0.2757841590068917,2627
T,1,W_F,0.6664319365984924,0.6607929256073332,0.3151944078396508,2627
T,1,W_T,5.651072767809423,2.023351253693811,0.006066476357308108,2627
T,1,W_I,-3.1385206709868863,1.9321674027484348,0.106881503112592,2627
T,1,infl_z,-0.46825776254441576,0.714476926517617,0.5134535688615325,2627
T,1,gov_eff_z,-2.5259733285159616,2.09718786211065,0.23074430740724727,2627
T,1,growth_lag,-0.3281282303593355,0.18410180814087226,0.07718455357333695,2627
T,2,M_z,-4.603196107934249,1.6031616809418074,0.004820915364511064,2506
T,2,MxW_F,-1.7482473200883049,0.6924663886641388,0.012863987928965741,2506
T,2,MxW_T,-0.03321782035281032,1.4846233049276472,0.9821857127789714,2506
T,2,MxW_I,0.3354211307845924,1.1094559445135093,0.7629158021585908,2506
T,2,W_F,0.8194588026871625,0.9011812001482671,0.36497606652082537,2506
T,2,W_T,1.9633235886481581,2.5722872101463685,0.4467818559797828,2506
T,2,W_I,-4.8110965055670425,2.8222803553849256,0.09079866686804135,2506
T,2,infl_z,0.10532623322588132,1.0023294773585514,0.9164837496079199,2506
T,2,gov_eff_z,-3.0905259657940674,2.8916269347047034,0.2872769585137107,2506
T,2,growth_lag,-0.43550955943291997,0.1930554478253078,0.025859509608598397,2506
T,3,M_z,-4.517319289384175,2.34123531196572,0.05599576300825581,2384
T,3,MxW_F,-2.3146387612747663,0.8674985762875395,0.008662957406176635,2384
T,3,MxW_T,-0.7546168144033484,2.030714916932777,0.710834127800161,2384
T,3,MxW_I,-0.19065078503301586,1.5285381941461578,0.9009445497336106,2384
T,3,W_F,0.8990773419386627,1.1067244482974352,0.41815777580274155,2384
T,3,W_T,0.2916447938753096,3.0878055767638184,0.9249062486289369,2384
T,3,W_I,-6.572696621099975,3.787089485946418,0.08516775491093585,2384
T,3,infl_z,0.22630044343904399,1.086272819611794,0.8353207018835653,2384
T,3,gov_eff_z,-5.758501770919999,3.074919850804353,0.06349894928098271,2384
T,3,growth_lag,-0.455584550080535,0.2102846701916262,0.03221610199779698,2384
T,4,M_z,-3.122036353271966,2.9108338167858387,0.2856042231563603,2263
T,4,MxW_F,-2.306205521910387,1.1124840520008126,0.040292860382165896,2263
T,4,MxW_T,-1.052774801299539,2.425810214441119,0.665069311178444,2263
T,4,MxW_I,-0.16788317681073783,1.8813507035718227,0.9290423264867436,2263
T,4,W_F,1.536376579775401,1.3901572543631269,0.27127350448590104,2263
T,4,W_T,-0.7887959524164487,3.6956222909531005,0.8313425102200949,2263
T,4,W_I,-6.481017987690305,4.755936110895287,0.17550103547738802,2263
T,4,infl_z,0.32021441487581404,1.4978903049799552,0.8310808116573598,2263
T,4,gov_eff_z,-5.3070091926394145,3.9932264200333227,0.1863476520020215,2263
T,4,growth_lag,-0.15607935421646196,0.23477644164661643,0.5074435439359157,2263
F,-2,M_z,0.04613316999742846,0.16876329179090913,0.7850274724791645,2800
F,-2,MxW_F,0.06054034337264862,0.14536244575687038,0.6777741101069852,2800
F,-2,MxW_T,0.1992373179862362,0.1258021555572088,0.11578077506755541,2800
F,-2,MxW_I,-0.01641933890094603,0.0814549795021392,0.8405761631649823,2800
F,-2,W_F,1.1609025868578222,0.1001516496920886,1.5138083534383827e-21,2800
F,-2,W_T,-0.32478472482018683,0.2657494761127486,0.2239519220021475,2800
F,-2,W_I,-0.18989418834139427,0.1612312764525314,0.2411237521125772,2800
F,-2,infl_z,0.09666600338454688,0.0557866737601889,0.08560115740524615,2800
F,-2,gov_eff_z,0.36842561301940396,0.20399074978847972,0.07331045102448029,2800
F,-1,M_z,0.0,0.0,,2905
F,-1,MxW_F,0.0,0.0,,2905
F,-1,MxW_T,0.0,0.0,,2905
F,-1,MxW_I,0.0,0.0,,2905
F,-1,W_F,0.0,0.0,,2905
F,-1,W_T,0.0,0.0,,2905
F,-1,W_I,0.0,0.0,,2905
F,-1,infl_z,0.0,0.0,,2905
F,-1,gov_eff_z,0.0,0.0,,2905
F,0,M_z,0.06408008688892336,0.11356654780496452,0.5735940821168777,2901
F,0,MxW_F,0.15083000571435295,0.12618419605288367,0.2342263513068361,2901
F,0,MxW_T,0.15628528010789144,0.15065512194379815,0.3015654859794903,2901
F,0,MxW_I,0.04439728381539198,0.0641991665071149,0.49049898758247173,2901
F,0,W_F,0.96835445485257,0.16907524654978676,7.182388071706296e-08,2901
F,0,W_T,-0.44443459648571526,0.3206658787522383,0.16822237978450208,2901
F,0,W_I,-0.11934821880176089,0.16557226746981468,0.4723646430928542,2901
F,0,infl_z,0.21867913486404736,0.09014045444350921,0.016694876870518665,2901
F,0,gov_eff_z,0.476211637539441,0.2175832878338062,0.03048131558761922,2901
F,0,growth_lag,-0.022709402112147878,0.01764793910563464,0.20054127397435573,2901
F,1,M_z,0.05645667075984587,0.20355809824770596,0.7819701590149646,2799
F,1,MxW_F,0.15867290886295557,0.14369377688320925,0.271608663944432,2799
F,1,MxW_T,-0.011096934372158765,0.26340697199727336,0.9664634983896766,2799
F,1,MxW_I,-0.005648509109798996,0.12347715552469454,0.9635861969316557,2799
F,1,W_F,0.02910676420908581,0.13030525275820037,0.8236093202098453,2799
F,1,W_T,-1.3258264976418863,0.5682263407443182,0.02123090054145061,2799
F,1,W_I,0.05841379901014274,0.26430693817009876,0.825447243359298,2799
F,1,infl_z,0.3155391465470423,0.12475360585751046,0.01267277976545236,2799
F,1,gov_eff_z,0.3532702362869521,0.45211795190444215,0.4360638335464307,2799
F,1,growth_lag,-0.06974315735383489,0.030656852236162397,0.024611707515840055,2799
F,2,M_z,0.02853335506946799,0.3208975725118926,0.9292899159551143,2680
F,2,MxW_F,0.3144457257440939,0.16328114047001485,0.056401065742545824,2680
F,2,MxW_T,-0.18608196583652925,0.3990086976244929,0.6417690715232022,2680
F,2,MxW_I,-0.05254026085543617,0.20634230751495342,0.7994298597863436,2680
F,2,W_F,-1.2259619551855383,0.16901608171312665,3.7466094108976155e-11,2680
F,2,W_T,-2.2707405240123446,0.8062154012240517,0.005643307234795629,2680
F,2,W_I,0.1996224586222052,0.40868575221503733,0.6260871003884051,2680
F,2,infl_z,0.31724256044515897,0.1542964413085949,0.041858501089570926,2680
F,2,gov_eff_z,0.20092283514489095,0.7185215726581267,0.7802207415005371,2680
F,2,growth_lag,-0.08974229049640131,0.047271327729542366,0.059942160786411125,2680
F,3,M_z,-0.0657882460663515,0.42247697281347574,0.876504679598895,2559
F,3,MxW_F,0.4712050882538611,0.1304418400982033,0.00043793271487766795,2559
F,3,MxW_T,-0.4179151291490514,0.5164685941575696,0.41995020253222826,2559
F,3,MxW_I,-0.06791111404870162,0.29221772443320937,0.8166081775171353,2559
F,3,W_F,-2.6882354650329963,0.19091751747091884,1.4662766818397813e-27,2559
F,3,W_T,-3.1749211557962504,0.9902990996525755,0.0017088406307090823,2559
F,3,W_I,0.3787076543320219,0.5344921584945029,0.4799308856623127,2559
F,3,infl_z,0.12707431360833576,0.14984081094062895,0.3980243848901038,2559
F,3,gov_eff_z,-0.16970143780182784,0.9344707879972981,0.8561895046541552,2559
F,3,growth_lag,-0.11976323436218639,0.06585663697857444,0.07137503484183691,2559
F,4,M_z,-0.3345015003920993,0.49365638887652846,0.4992776905521304,2438
F,4,MxW_F,0.6578690996093629,0.12557962817580182,6.654445897821338e-07,2438
F,4,MxW_T,-0.6218297698001696,0.6395667264126011,0.3327952906472097,2438
F,4,MxW_I,0.014737537812760215,0.3609309458858965,0.9674949631021177,2438
F,4,W_F,-4.059659964188983,0.2517470672499272,2.50347653948802e-32,2438
F,4,W_T,-4.015150703619483,1.1231973991578295,0.000499151180888501,2438
F,4,W_I,0.5509658322005586,0.6315676118914897,0.38467470586148333,2438
F,4,infl_z,0.005175912229601065,0.21336741542570847,0.9806853272067934,2438
F,4,gov_eff_z,-0.3521305660713272,1.1216627749061416,0.754092794652281,2438
F,4,growth_lag,-0.12487706199000359,0.07608610464772567,0.10325728314242921,2438
