channel,h,var,coef,se,p,n,countries,cov_M_F
G,-2,M_z,-1.1769463324373093,0.5426837552150412,0.03207424500690467,1734,121,0.008059160062069578
G,-2,MxW_F,-0.1463720696444262,0.2534666462850228,0.5646967800400162,1734,121,0.008059160062069578
G,-2,MxW_T,-0.5970559959754831,0.5661041100927088,0.2936927371904274,1734,121,0.008059160062069578
G,-2,MxW_I,-0.8173911021512803,0.371434402613514,0.029676291625594053,1734,121,0.008059160062069578
G,-2,W_F,-0.8182235618630156,0.5444044897065831,0.1354739535053837,1734,121,0.008059160062069578
G,-2,W_T,5.045528988185352,0.9287516445698731,2.9543269371255553e-07,1734,121,0.008059160062069578
G,-2,W_I,-0.2542521551393028,0.5358742246946927,0.6360324943142626,1734,121,0.008059160062069578
G,-2,infl_z,0.2582243520066714,0.28288171928598976,0.36315961092916393,1734,121,0.008059160062069578
G,-2,gov_eff_z,-1.8388033488007693,1.2659661858595868,0.1489751755020937,1734,121,0.008059160062069578
G,-2,lgdp_pc,12.601974108624987,2.737359403667227,1.0396520587541845e-05,1734,121,0.008059160062069578
G,-1,M_z,-0.7323151359918829,0.32992892283141184,0.028324073448214006,1735,121,-0.005738286197898936
G,-1,MxW_F,-0.16473339186982264,0.21388693987098717,0.4427013276482563,1735,121,-0.005738286197898936
G,-1,MxW_T,-0.5508853348646638,0.3313487347088016,0.09901157119976774,1735,121,-0.005738286197898936
G,-1,MxW_I,-0.6334374851879759,0.22908814462742202,0.006591286842356172,1735,121,-0.005738286197898936
G,-1,W_F,-0.2164161031153567,0.319481935122547,0.4994579994917349,1735,121,-0.005738286197898936
G,-1,W_T,2.6398318654393838,0.5344009003192703,2.558807824167951e-06,1735,121,-0.005738286197898936
G,-1,W_I,-0.33792765804158476,0.33538372321598486,0.3156810618806787,1735,121,-0.005738286197898936
G,-1,infl_z,-0.26784412253178624,0.22898423641191773,0.24443753005141364,1735,121,-0.005738286197898936
G,-1,gov_eff_z,-1.324277698393799,0.7855988328424607,0.09445373899957675,1735,121,-0.005738286197898936
G,-1,lgdp_pc,7.6687372277605625,1.6347383964064988,7.262170084478229e-06,1735,121,-0.005738286197898936
G,0,M_z,-0.9484690685348175,0.34536436972643547,0.00695599676025012,1735,121,-0.006565660064470291
G,0,MxW_F,-0.139791991231072,0.1736003631982774,0.4222671127364208,1735,121,-0.006565660064470291
G,0,MxW_T,-0.04489622050510894,0.3355490894912894,0.8937854451469734,1735,121,-0.006565660064470291
G,0,MxW_I,-0.339889162254727,0.2673573053637841,0.20608349800508988,1735,121,-0.006565660064470291
G,0,W_F,0.7312939218873244,0.2657149212674434,0.006839525080606007,1735,121,-0.006565660064470291
G,0,W_T,2.3790675340470764,0.5556655342972069,3.760011524947825e-05,1735,121,-0.006565660064470291
G,0,W_I,0.12901769126088225,0.3769314673182377,0.7327357823276411,1735,121,-0.006565660064470291
G,0,infl_z,-1.0701882006688201,0.34062083022311074,0.002114765925529589,1735,121,-0.006565660064470291
G,0,gov_eff_z,-1.527290748459329,0.604023273139763,0.012752141664480533,1735,121,-0.006565660064470291
G,0,growth_lag,-0.016411391391669493,0.06138920426071704,0.7896713015617352,1735,121,-0.006565660064470291
G,0,lgdp_pc,9.04088705565268,2.0384978317211138,2.052437568633402e-05,1735,121,-0.006565660064470291
G,1,M_z,-1.4827595783506633,0.5422460739127906,0.0071949576033709115,1642,121,-0.01914718982197676
G,1,MxW_F,-0.4504867397809841,0.2097536817681495,0.03374874386651048,1642,121,-0.01914718982197676
G,1,MxW_T,0.12471686190123393,0.6001535579442536,0.8357309574555786,1642,121,-0.01914718982197676
G,1,MxW_I,-0.8408708025777039,0.4678030322060664,0.07477282492408666,1642,121,-0.01914718982197676
G,1,W_F,1.1304225559740093,0.3184069111396159,0.0005506374919754251,1642,121,-0.01914718982197676
G,1,W_T,4.785323840483861,1.1526882297530288,6.209277053330701e-05,1642,121,-0.01914718982197676
G,1,W_I,0.24912359631313447,0.6325003571187956,0.6943752311648433,1642,121,-0.01914718982197676
G,1,infl_z,-1.526965001012192,0.39632356979718786,0.0001889582710782837,1642,121,-0.01914718982197676
G,1,gov_eff_z,-2.2918675459738544,0.9002448901995954,0.012168619535268977,1642,121,-0.01914718982197676
G,1,growth_lag,-0.11079965673857706,0.08298108669808894,0.18432524226986274,1642,121,-0.01914718982197676
G,1,lgdp_pc,4.484452132690498,2.445050534200222,0.06911765149384992,1642,121,-0.01914718982197676
G,2,M_z,-1.5244980395700634,0.7321187960330685,0.03943905369795272,1539,121,0.00039850492905579344
G,2,MxW_F,-0.9430783366312444,0.2888594901966236,0.0014275455660243503,1539,121,0.00039850492905579344
G,2,MxW_T,0.16660559577051343,0.8892522892824408,0.8516989517822697,1539,121,0.00039850492905579344
G,2,MxW_I,-1.3013908481767482,0.589230762930097,0.02910016306391578,1539,121,0.00039850492905579344
G,2,W_F,1.48681900716596,0.4010905588114082,0.00031883550542833873,1539,121,0.00039850492905579344
G,2,W_T,6.753016628491481,1.6557953225124091,8.19337822920861e-05,1539,121,0.00039850492905579344
G,2,W_I,0.12285148968981523,0.8742851652387492,0.8884875135783967,1539,121,0.00039850492905579344
G,2,infl_z,-0.7121679966804078,0.3996266774317261,0.07726474758451309,1539,121,0.00039850492905579344
G,2,gov_eff_z,-2.3140814386978157,1.2596915713104881,0.06868102735372313,1539,121,0.00039850492905579344
G,2,growth_lag,-0.1675891167090092,0.09973590204599697,0.09549476817282551,1539,121,0.00039850492905579344
G,2,lgdp_pc,-3.7149460993010184,3.3567156224013974,0.2706284139697257,1539,121,0.00039850492905579344
G,3,M_z,-1.4010418485847007,0.9259154189111958,0.13294011180624013,1434,118,0.02221902142872985
G,3,MxW_F,-1.345765205951265,0.3621478950198168,0.0003118229033602475,1434,118,0.02221902142872985
G,3,MxW_T,-0.2074398930999239,1.2337021389334502,0.8667601292521322,1434,118,0.02221902142872985
G,3,MxW_I,-1.6908138837410058,0.6793508754947889,0.014221667702604926,1434,118,0.02221902142872985
G,3,W_F,1.779258674435442,0.5521246104119214,0.0016460617255687753,1434,118,0.02221902142872985
G,3,W_T,8.667812223103986,2.122546128811042,8.144896648259533e-05,1434,118,0.02221902142872985
G,3,W_I,0.4041535705751996,0.929005613683156,0.664335607852121,1434,118,0.02221902142872985
G,3,infl_z,-0.14505292853733284,0.5080778962016884,0.775770899168187,1434,118,0.02221902142872985
G,3,gov_eff_z,-2.9189500316636376,1.52081305533365,0.05737735948891407,1434,118,0.02221902142872985
G,3,growth_lag,-0.22201839058825032,0.10807815057363383,0.042180304162827975,1434,118,0.02221902142872985
G,3,lgdp_pc,-8.152790209818953,4.213715297681252,0.05542600640025214,1434,118,0.02221902142872985
G,4,M_z,-0.7764039244357348,1.024979877599845,0.45029705987177476,1332,117,0.023037449093595
G,4,MxW_F,-1.7473484473827636,0.48074896400162,0.00041627941373938404,1332,117,0.023037449093595
G,4,MxW_T,-0.20937514839287014,1.4366881431889265,0.8843838603701746,1332,117,0.023037449093595
G,4,MxW_I,-2.2115893809696585,0.7936904438334661,0.00622696919630047,1332,117,0.023037449093595
G,4,W_F,2.1786867282938527,0.7012074166510988,0.002376368589516015,1332,117,0.023037449093595
G,4,W_T,10.574623681835073,2.407799487742949,2.496849208720294e-05,1332,117,0.023037449093595
G,4,W_I,0.7762486993111277,1.017423643390269,0.4470388786218314,1332,117,0.023037449093595
G,4,infl_z,0.5173442481192084,0.7022160051078385,0.4627734032164067,1332,117,0.023037449093595
G,4,gov_eff_z,-2.5977981045341805,1.5085838710573818,0.08773290443292585,1332,117,0.023037449093595
G,4,growth_lag,-0.25020912540777657,0.13298472535706976,0.06241222822500843,1332,117,0.023037449093595
G,4,lgdp_pc,-12.61228277791065,4.8816887134787414,0.011019488852993198,1332,117,0.023037449093595
N,-2,M_z,-2.0829955890891583,1.9567361819615223,0.2893402770176433,1630,115,0.12055859991560217
N,-2,MxW_F,0.019765252544054118,1.040579260861292,0.9848787208092739,1630,115,0.12055859991560217
N,-2,MxW_T,-0.6309994470045819,1.9970703661499312,0.7526086822491261,1630,115,0.12055859991560217
N,-2,MxW_I,-3.4858782200977023,1.6198286061130842,0.03350616237670268,1630,115,0.12055859991560217
N,-2,W_F,-1.355142868529157,1.934025446066668,0.48492720620279656,1630,115,0.12055859991560217
N,-2,W_T,15.548772985196168,3.6504419264108945,4.234709788600492e-05,1630,115,0.12055859991560217
N,-2,W_I,0.23274982177608927,2.2795296010341684,0.918853251676105,1630,115,0.12055859991560217
N,-2,infl_z,0.9475523732261879,1.1909557470900562,0.42790444485686907,1630,115,0.12055859991560217
N,-2,gov_eff_z,-6.59979412131985,4.269699918741768,0.12494188382120244,1630,115,0.12055859991560217
N,-2,lgdp_pc,18.592863712399925,7.688992628733336,0.0171847572484091,1630,115,0.12055859991560217
N,-1,M_z,-2.1329778094287013,1.2487427427423505,0.09033939226390472,1638,115,0.09095346598822364
N,-1,MxW_F,-0.24111493088099398,0.7719564856743295,0.7553507322985001,1638,115,0.09095346598822364
N,-1,MxW_T,-0.8011255148529842,1.0066318142898218,0.42777468987519746,1638,115,0.09095346598822364
N,-1,MxW_I,-2.459198593657509,1.0912665502898382,0.02613815922160244,1638,115,0.09095346598822364
N,-1,W_F,0.25010270821662506,0.9796712663981304,0.7989572264283967,1638,115,0.09095346598822364
N,-1,W_T,8.16831440556333,1.8820999382664971,3.0977739897548976e-05,1638,115,0.09095346598822364
N,-1,W_I,0.38452767109896646,1.3961376342775285,0.7834902799501994,1638,115,0.09095346598822364
N,-1,infl_z,-0.6958518663840783,0.7329010591695594,0.3444009761572059,1638,115,0.09095346598822364
N,-1,gov_eff_z,-4.421734140669027,2.8797130809147484,0.1274374241603567,1638,115,0.09095346598822364
N,-1,lgdp_pc,13.351101100608647,4.586762950526842,0.004336932117485298,1638,115,0.09095346598822364
N,0,M_z,-1.443887964098437,1.073678995672641,0.1813579501382389,1628,115,-0.5981846576392784
N,0,MxW_F,1.058024775117802,1.3005137942482832,0.41760236604537804,1628,115,-0.5981846576392784
N,0,MxW_T,0.6854408136265339,1.1744519561479834,0.5606248392437072,1628,115,-0.5981846576392784
N,0,MxW_I,-0.28315582115574844,1.0507582432891567,0.7880493227273926,1628,115,-0.5981846576392784
N,0,W_F,3.3590168339955633,1.209655841753841,0.00641893443383809,1628,115,-0.5981846576392784
N,0,W_T,4.924646050044913,2.8228519341462577,0.0837558460093156,1628,115,-0.5981846576392784
N,0,W_I,0.31012933243880914,1.3517344713275783,0.818945334502611,1628,115,-0.5981846576392784
N,0,infl_z,-1.5487671918523942,0.9077363204506949,0.09069631493678221,1628,115,-0.5981846576392784
N,0,gov_eff_z,-7.966839243800947,3.6233805913814323,0.029916723107900996,1628,115,-0.5981846576392784
N,0,growth_lag,-0.312535868306673,0.5585320008298277,0.576872838424379,1628,115,-0.5981846576392784
N,0,lgdp_pc,16.13509822332524,6.299996932477042,0.011739265155271949,1628,115,-0.5981846576392784
N,0,outcome_lag,-0.04029523247774074,0.04212182719089701,0.34077560370824966,1628,115,-0.5981846576392784
N,1,M_z,-1.2817667694023427,1.5820489815200314,0.41951665690826073,1537,115,0.003279436580290493
N,1,MxW_F,-0.3041521027256733,1.4194245458357404,0.8307127251086901,1537,115,0.003279436580290493
N,1,MxW_T,1.6480930617545693,1.9722090200263018,0.4050951389094801,1537,115,0.003279436580290493
N,1,MxW_I,-1.6222329425592665,1.913511579561187,0.3983380837010641,1537,115,0.003279436580290493
N,1,W_F,5.065449831769305,1.1672853919224766,3.103674764731652e-05,1537,115,0.003279436580290493
N,1,W_T,10.149779981579393,4.159330180245309,0.01621706891222823,1537,115,0.003279436580290493
N,1,W_I,1.1092824814905098,2.6977914943253007,0.6817112503350169,1537,115,0.003279436580290493
N,1,infl_z,-1.569059349580772,1.3210418872439993,0.23740313673698243,1537,115,0.003279436580290493
N,1,gov_eff_z,-7.163910092776225,5.062689210629682,0.15978246166000706,1537,115,0.003279436580290493
N,1,growth_lag,-0.16863801953174018,0.46209115438967885,0.7158283567584053,1537,115,0.003279436580290493
N,1,lgdp_pc,-4.4030359644378,10.612213608324062,0.6789929140594335,1537,115,0.003279436580290493
N,1,outcome_lag,-0.20328950715925992,0.05581929750174142,0.0004085528320356661,1537,115,0.003279436580290493
N,2,M_z,-0.3700346764043827,2.163167885836707,0.8644786872801719,1439,115,0.9379739870941377
N,2,MxW_F,-0.9100169937108329,1.974567819748865,0.6457706472035298,1439,115,0.9379739870941377
N,2,MxW_T,1.8218864440090154,2.724430196201923,0.5050247019757496,1439,115,0.9379739870941377
N,2,MxW_I,-2.332824109595514,2.668935059172038,0.38392018223315966,1439,115,0.9379739870941377
N,2,W_F,6.962084111586889,1.880335457213361,0.00033046550279650143,1439,115,0.9379739870941377
N,2,W_T,15.100758081241905,4.971799762722513,0.0029595386503437683,1439,115,0.9379739870941377
N,2,W_I,1.659203691660835,3.9363984070008504,0.6741815392277437,1439,115,0.9379739870941377
N,2,infl_z,1.1203127143039284,1.9312112072456513,0.5629860570235652,1439,115,0.9379739870941377
N,2,gov_eff_z,-4.074347358589124,6.272190110528489,0.5172643003138142,1439,115,0.9379739870941377
N,2,growth_lag,-0.04420790620174753,0.378385775026229,0.9071980531344079,1439,115,0.9379739870941377
N,2,lgdp_pc,-26.736911296937702,14.387895995070688,0.06570729019602839,1439,115,0.9379739870941377
N,2,outcome_lag,-0.3328562481176067,0.0666472700797687,2.1461424608637233e-06,1439,115,0.9379739870941377
N,3,M_z,2.259921845324722,2.5861107566868267,0.3840934566188252,1338,111,1.5561958838607832
N,3,MxW_F,-1.4388376744510405,2.4029985951869084,0.5505589498318948,1338,111,1.5561958838607832
N,3,MxW_T,2.419219098516548,3.1119519197625913,0.43859385536928425,1338,111,1.5561958838607832
N,3,MxW_I,-2.7062701012903814,2.997342447735799,0.36855727440738517,1338,111,1.5561958838607832
N,3,W_F,8.576527218959061,2.5720784995974406,0.0011654454832595636,1338,111,1.5561958838607832
N,3,W_T,18.14182098559154,5.369192289927103,0.0010076213281162347,1338,111,1.5561958838607832
N,3,W_I,1.6681245681799837,4.9940080864369865,0.7389965041101669,1338,111,1.5561958838607832
N,3,infl_z,2.6133564583775732,1.8031920313142662,0.1501002902908347,1338,111,1.5561958838607832
N,3,gov_eff_z,1.148616681798285,6.32212034807303,0.8561665104205243,1338,111,1.5561958838607832
N,3,growth_lag,-0.07835826054226236,0.3748500514987324,0.8348044547521238,1338,111,1.5561958838607832
N,3,lgdp_pc,-45.024591363249364,19.118170680364038,0.02029187041580167,1338,111,1.5561958838607832
N,3,outcome_lag,-0.282823919003882,0.063060140566501,1.799337252969561e-05,1338,111,1.5561958838607832
N,4,M_z,4.396647637673714,2.962580019843984,0.1406789330816771,1241,110,0.3548254864012951
N,4,MxW_F,-2.05279562546214,2.5700205552049713,0.42617424251564934,1241,110,0.3548254864012951
N,4,MxW_T,1.5863817009157979,3.5131969109584245,0.6524908551964161,1241,110,0.3548254864012951
N,4,MxW_I,-5.145214177806933,2.8879051855964946,0.07759244716368698,1241,110,0.3548254864012951
N,4,W_F,9.998564458708007,2.805107795567138,0.000542663500024233,1241,110,0.3548254864012951
N,4,W_T,21.55572684656767,5.968982953856301,0.0004621457526222316,1241,110,0.3548254864012951
N,4,W_I,-2.579947526537977,5.821876172913182,0.6585376252717496,1241,110,0.3548254864012951
N,4,infl_z,1.2430949729794032,1.856649670860725,0.5045690201798928,1241,110,0.3548254864012951
N,4,gov_eff_z,4.572259845946247,7.242250469214974,0.5291456100553613,1241,110,0.3548254864012951
N,4,growth_lag,0.5558685276441374,0.41688789409054905,0.18518817265412488,1241,110,0.3548254864012951
N,4,lgdp_pc,-70.95276387627666,20.531336165334025,0.0007829391151158263,1241,110,0.3548254864012951
N,4,outcome_lag,-0.4850316303351548,0.06354720590675628,9.322358914575087e-12,1241,110,0.3548254864012951
I,-2,M_z,0.13685585013772422,0.20946478572865063,0.5154458053437215,987,79,-0.001565964688021107
I,-2,MxW_F,0.051194158556018485,0.056710271774963024,0.36944769542536965,987,79,-0.001565964688021107
I,-2,MxW_T,-0.1953447418949838,0.27929247534738627,0.48636572578124304,987,79,-0.001565964688021107
I,-2,MxW_I,-0.12911033429803256,0.17033691260607736,0.4507527400896262,987,79,-0.001565964688021107
I,-2,W_F,-0.09088493881525442,0.13814167665578367,0.5125323351348903,987,79,-0.001565964688021107
I,-2,W_T,-0.8214352726074033,0.4077691271753873,0.047408063006514505,987,79,-0.001565964688021107
I,-2,W_I,3.577311065017948,0.5227670437624606,1.5646913794016027e-09,987,79,-0.001565964688021107
I,-2,infl_z,-0.12119937894753428,0.0955904146636691,0.20860429713625192,987,79,-0.001565964688021107
I,-2,gov_eff_z,0.2020661997638854,0.5478320832838892,0.7132411047075862,987,79,-0.001565964688021107
I,-2,lgdp_pc,-1.4338305189172802,1.1790683510772881,0.22762543544325084,987,79,-0.001565964688021107
I,-1,M_z,0.1214346841038691,0.13069707314404586,0.3560603944691725,958,70,-0.00012774077558238759
I,-1,MxW_F,0.014298254038111823,0.036121650009751025,0.6934472461557621,958,70,-0.00012774077558238759
I,-1,MxW_T,-0.32730758169955526,0.2529796490700649,0.2000452369586719,958,70,-0.00012774077558238759
I,-1,MxW_I,-0.17771191568777694,0.16416657703079843,0.2827946589157392,958,70,-0.00012774077558238759
I,-1,W_F,-0.13600960693636685,0.07155845222040401,0.06152206296409488,958,70,-0.00012774077558238759
I,-1,W_T,-0.6497983765746845,0.350358128641378,0.06791668337911039,958,70,-0.00012774077558238759
I,-1,W_I,2.1013739609536533,0.328898131312014,1.6698827277069593e-08,958,70,-0.00012774077558238759
I,-1,infl_z,-0.14519367639152078,0.05763269867350463,0.014079299827974828,958,70,-0.00012774077558238759
I,-1,gov_eff_z,0.0187392154194016,0.43065409899982,0.9654179776487779,958,70,-0.00012774077558238759
I,-1,lgdp_pc,-0.7059445073251663,0.7366802529039688,0.34126836228023927,958,70,-0.00012774077558238759
I,0,M_z,-0.0935753332618683,0.14049116657204075,0.507660604609142,906,68,0.001415408353820366
I,0,MxW_F,0.03600051245168154,0.05067550159890279,0.479913911121922,906,68,0.001415408353820366
I,0,MxW_T,-0.05170409783618739,0.18832086184228497,0.7845043121681992,906,68,0.001415408353820366
I,0,MxW_I,0.008845497038052735,0.12173213312206634,0.9422902898168065,906,68,0.001415408353820366
I,0,W_F,-0.021101426618437134,0.07948802237415649,0.7914650386921631,906,68,0.001415408353820366
I,0,W_T,-0.04840695878759893,0.2573598498258771,0.8513741753325048,906,68,0.001415408353820366
I,0,W_I,-2.4390763779606157,0.10813215688782107,5.2228034305356184e-33,906,68,0.001415408353820366
I,0,infl_z,0.13151885367944957,0.09658834820633383,0.17787185743773637,906,68,0.001415408353820366
I,0,gov_eff_z,0.06988400193608575,0.302018049016331,0.8177169242572158,906,68,0.001415408353820366
I,0,growth_lag,0.01620740142651857,0.015361197683483489,0.295175367824859,906,68,0.001415408353820366
I,0,lgdp_pc,-0.634937738087746,0.7627630420166377,0.4081303372506147,906,68,0.001415408353820366
I,1,M_z,-0.13497189471655052,0.22831283999679752,0.5561374358227708,877,78,0.0010787367176489308
I,1,MxW_F,0.14567830710721386,0.09030544835842425,0.11079814604601836,877,78,0.0010787367176489308
I,1,MxW_T,-0.1715850814616835,0.2898131275503686,0.5555487912058317,877,78,0.0010787367176489308
I,1,MxW_I,-0.03761492607656347,0.17705018463818056,0.8323146908046645,877,78,0.0010787367176489308
I,1,W_F,0.016470851690805227,0.1513207642638656,0.913606789144026,877,78,0.0010787367176489308
I,1,W_T,0.044010869452735635,0.44342084201517157,0.9211953042798297,877,78,0.0010787367176489308
I,1,W_I,-3.9213065108776592,0.18833805825743247,2.3120363993531082e-33,877,78,0.0010787367176489308
I,1,infl_z,0.038002860570233776,0.12027159743303495,0.7528761224139562,877,78,0.0010787367176489308
I,1,gov_eff_z,0.034937784719377,0.5146337171840435,0.9460502595191842,877,78,0.0010787367176489308
I,1,growth_lag,0.01524675431188476,0.01898938068316528,0.42449847139510477,877,78,0.0010787367176489308
I,1,lgdp_pc,-0.16116552297008502,1.483815678890801,0.9137899378294552,877,78,0.0010787367176489308
I,2,M_z,-0.2317990845399168,0.3148918702393449,0.4639830786480276,794,75,-0.0059403550719112005
I,2,MxW_F,0.193136227085082,0.11600393252581942,0.10015926711533486,794,75,-0.0059403550719112005
I,2,MxW_T,-0.19289391097281264,0.3704085548693015,0.6040888525086198,794,75,-0.0059403550719112005
I,2,MxW_I,0.022442564260798548,0.23620811409983158,0.9245622469241603,794,75,-0.0059403550719112005
I,2,W_F,-0.02440183588677594,0.17721533018727728,0.8908546929736494,794,75,-0.0059403550719112005
I,2,W_T,-0.31810111014305587,0.5772820215723824,0.5832713606903621,794,75,-0.0059403550719112005
I,2,W_I,-4.195796386759148,0.7767207863937052,7.674205458859385e-07,794,75,-0.0059403550719112005
I,2,infl_z,0.11636606784773854,0.14965397233572278,0.439302873427737,794,75,-0.0059403550719112005
I,2,gov_eff_z,-0.07232924501819143,0.6685137269895326,0.9141345478425635,794,75,-0.0059403550719112005
I,2,growth_lag,-0.03791122072260246,0.022754316007767564,0.09991916943827778,794,75,-0.0059403550719112005
I,2,lgdp_pc,0.016635035749552607,1.875399740328705,0.9929466244162727,794,75,-0.0059403550719112005
I,3,M_z,-0.49481998474392697,0.33318274046077617,0.1416453873842148,745,77,-0.003049568311742575
I,3,MxW_F,0.1257482529282326,0.16720375898867695,0.45433431287949083,745,77,-0.003049568311742575
I,3,MxW_T,-0.2517439328422517,0.4370593333605707,0.5663204583716145,745,77,-0.003049568311742575
I,3,MxW_I,-0.25897161572181904,0.3241677615095984,0.42684871863810275,745,77,-0.003049568311742575
I,3,W_F,-0.11118010007423823,0.2151642855415701,0.6068507242710437,745,77,-0.003049568311742575
I,3,W_T,-0.4301116095642865,0.6947491620181824,0.5377090725480527,745,77,-0.003049568311742575
I,3,W_I,-6.583147348700429,0.34793555202749665,1.767927746282942e-30,745,77,-0.003049568311742575
I,3,infl_z,0.17048210494902205,0.17496277784542913,0.33295381728412254,745,77,-0.003049568311742575
I,3,gov_eff_z,-0.06306495909770404,0.7654181696731757,0.9345509637292975,745,77,-0.003049568311742575
I,3,growth_lag,0.004167761339777004,0.02383852051037949,0.8616757441463435,745,77,-0.003049568311742575
I,3,lgdp_pc,-0.3794560606188627,2.283255981566805,0.8684481604365374,745,77,-0.003049568311742575
I,4,M_z,-0.6939138527946651,0.378610868479612,0.0706015077313812,673,80,-0.016163778246872203
I,4,MxW_F,-0.007461054610238549,0.1608026144592022,0.9631094538525927,673,80,-0.016163778246872203
I,4,MxW_T,-0.37945844479599933,0.5382925485788564,0.48292712292624124,673,80,-0.016163778246872203
I,4,MxW_I,-0.49785180908265664,0.4131387227169546,0.2317823588748539,673,80,-0.016163778246872203
I,4,W_F,-0.19245840073622483,0.16806310028454371,0.2556021281408558,673,80,-0.016163778246872203
I,4,W_T,-0.5166282651627014,0.6538937223612035,0.43184633480528906,673,80,-0.016163778246872203
I,4,W_I,-8.28186340570318,0.7005388264481943,3.7443572444100907e-19,673,80,-0.016163778246872203
I,4,infl_z,0.38564629791777616,0.2239848781528122,0.08902815559664266,673,80,-0.016163778246872203
I,4,gov_eff_z,-0.4680941135951082,0.8258832578430624,0.5724705161822427,673,80,-0.016163778246872203
I,4,growth_lag,-0.0020295915098793617,0.02991284423958416,0.9460763419166482,673,80,-0.016163778246872203
I,4,lgdp_pc,-0.591318197606188,2.6564095988983207,0.8244209324704111,673,80,-0.016163778246872203
T,-2,M_z,-2.6341552685749923,1.1167463155734016,0.01997885450723825,1662,119,0.18207469587408803
T,-2,MxW_F,-0.25163818242961616,0.7700276952138493,0.7444048545275797,1662,119,0.18207469587408803
T,-2,MxW_T,2.48515191833438,1.6804441888665602,0.14184068008889433,1662,119,0.18207469587408803
T,-2,MxW_I,2.65176966365569,1.0323439012285702,0.01145542415156041,1662,119,0.18207469587408803
T,-2,W_F,0.5913589263549364,0.7116157496510674,0.4076470176474255,1662,119,0.18207469587408803
T,-2,W_T,18.99725120480741,2.9822480892122285,3.782221781343989e-09,1662,119,0.18207469587408803
T,-2,W_I,-1.8091088459302993,1.6044738238255392,0.2618016338346902,1662,119,0.18207469587408803
T,-2,infl_z,-2.5181798728130773,0.8088521542185327,0.0023219759884855694,1662,119,0.18207469587408803
T,-2,gov_eff_z,-0.0008993654722104782,2.7667584830914413,0.9997411877015808,1662,119,0.18207469587408803
T,-2,lgdp_pc,10.892539190401882,5.79968217983193,0.06283204070644666,1662,119,0.18207469587408803
T,-1,M_z,-2.7638515710762537,0.9199957733678203,0.0032524013472730604,1671,119,0.1618312745696472
T,-1,MxW_F,-0.26550326639941146,0.6863893685838816,0.6995924887261333,1671,119,0.1618312745696472
T,-1,MxW_T,1.9998981809465146,1.0391173857291442,0.05668541256672924,1671,119,0.1618312745696472
T,-1,MxW_I,1.1244114983061022,0.6143772428905796,0.06974922971033824,1671,119,0.1618312745696472
T,-1,W_F,0.6086715164670337,0.47500343527373745,0.20256401329622956,1671,119,0.1618312745696472
T,-1,W_T,10.052483597532472,1.8257430905590533,2.176351915714205e-07,1671,119,0.1618312745696472
T,-1,W_I,-0.7081984094125149,0.936004153910104,0.45078623779777177,1671,119,0.1618312745696472
T,-1,infl_z,-1.1119266861352888,0.5950665812768068,0.06416183770856365,1671,119,0.1618312745696472
T,-1,gov_eff_z,-1.0813851488472064,1.7207488589920574,0.5309311242267117,1671,119,0.1618312745696472
T,-1,lgdp_pc,6.121141458305282,3.8317459891326635,0.11283304780655061,1671,119,0.1618312745696472
T,0,M_z,-2.795250133896888,0.8826124598911941,0.001960645773565955,1661,119,-0.007274605065590288
T,0,MxW_F,-0.2494481091047106,0.4494674925902744,0.5799548406460637,1661,119,-0.007274605065590288
T,0,MxW_T,-2.1351689525275663,1.1948128019897257,0.07649968380538194,1661,119,-0.007274605065590288
T,0,MxW_I,-1.3834232287755714,0.7944462171228572,0.08422525529138097,1661,119,-0.007274605065590288
T,0,W_F,1.2658333131667352,0.4836195333051428,0.01001997251628276,1661,119,-0.007274605065590288
T,0,W_T,-4.459871675776458,1.6765693696272688,0.00889766051670352,1661,119,-0.007274605065590288
T,0,W_I,1.0812487071317642,1.6173050997504108,0.5050885510307024,1661,119,-0.007274605065590288
T,0,infl_z,0.20191700304713944,0.6127794348478601,0.7423543572707356,1661,119,-0.007274605065590288
T,0,gov_eff_z,-2.195322996680739,1.8617445210328332,0.2407005093539862,1661,119,-0.007274605065590288
T,0,growth_lag,-0.30664044865697704,0.21044290573522814,0.14773944468436315,1661,119,-0.007274605065590288
T,0,lgdp_pc,12.615669473844893,4.44194340077318,0.005312847050038811,1661,119,-0.007274605065590288
T,0,outcome_lag,-0.02830923091550851,0.04079771247349878,0.489113322461664,1661,119,-0.007274605065590288
T,1,M_z,-4.147355610287887,1.4814128287056483,0.005979395757909367,1567,119,-0.05845563153591894
T,1,MxW_F,-0.6987146268780047,0.5898745244063079,0.23859000755624857,1567,119,-0.05845563153591894
T,1,MxW_T,-3.3416741904593863,1.8292568327733323,0.07025838308658058,1567,119,-0.05845563153591894
T,1,MxW_I,-2.521799519426949,1.3535885596221509,0.06494214117511747,1567,119,-0.05845563153591894
T,1,W_F,1.719487360645898,0.726560933883115,0.019580181081329664,1567,119,-0.05845563153591894
T,1,W_T,-7.6632869756598865,2.7029695816848895,0.0053910383605221745,1567,119,-0.05845563153591894
T,1,W_I,1.4679345111664692,2.6050441763897916,0.5741657968429695,1567,119,-0.05845563153591894
T,1,infl_z,-0.08520523795009954,0.7956162223273597,0.9148967585436077,1567,119,-0.05845563153591894
T,1,gov_eff_z,-2.552976506972569,3.261872634642973,0.4353876129175517,1567,119,-0.05845563153591894
T,1,growth_lag,-0.2744516684060323,0.18436637340061268,0.13925490381009836,1567,119,-0.05845563153591894
T,1,lgdp_pc,2.38155947230981,7.65820423446325,0.7563634074391532,1567,119,-0.05845563153591894
T,1,outcome_lag,-0.21033821109483677,0.04948251357477698,4.2821175829257975e-05,1567,119,-0.05845563153591894
T,2,M_z,-3.4283022019711282,1.8180979315344628,0.06180054383003392,1467,119,-0.2556425031420036
T,2,MxW_F,-1.644860035121927,0.7614627080760137,0.03278470621941024,1467,119,-0.2556425031420036
T,2,MxW_T,-3.384842767306967,2.1476019031666764,0.11767923777648281,1467,119,-0.2556425031420036
T,2,MxW_I,-2.1555788369741946,1.5293850377365739,0.1613346919122291,1467,119,-0.2556425031420036
T,2,W_F,1.6489931140367675,0.9512432470390051,0.08561646259327961,1467,119,-0.2556425031420036
T,2,W_T,-8.719765084524226,3.4012027825624616,0.011611394985690053,1467,119,-0.2556425031420036
T,2,W_I,2.0164740974283517,3.419374690273057,0.55650579708761,1467,119,-0.2556425031420036
T,2,infl_z,1.3140951991877046,1.1681412979073162,0.2628952025932738,1467,119,-0.2556425031420036
T,2,gov_eff_z,0.6885057208876462,4.140178692965023,0.8682066185708952,1467,119,-0.2556425031420036
T,2,growth_lag,-0.16901744224068158,0.16171380331294494,0.29808351637298935,1467,119,-0.2556425031420036
T,2,lgdp_pc,-10.983707132329375,10.89576424124455,0.31548291264307526,1467,119,-0.2556425031420036
T,2,outcome_lag,-0.3361238430410327,0.046739918981715436,6.348311517653902e-11,1467,119,-0.2556425031420036
T,3,M_z,-2.896132748923254,2.4617277141161837,0.24186047419553733,1363,115,-0.3088248376782461
T,3,MxW_F,-1.68686194741696,0.7959023177910702,0.036223813731947316,1363,115,-0.3088248376782461
T,3,MxW_T,-3.87688075304351,2.779681084446314,0.16581162815564937,1363,115,-0.3088248376782461
T,3,MxW_I,-1.7812041963109215,1.6785781312662251,0.29086979498871857,1363,115,-0.3088248376782461
T,3,W_F,1.694204631947601,1.1899346206178167,0.15724159324310452,1363,115,-0.3088248376782461
T,3,W_T,-7.217771929779695,4.08918159347435,0.08022649359704102,1363,115,-0.3088248376782461
T,3,W_I,4.000945439628322,4.273627845664126,0.3511522401611053,1363,115,-0.3088248376782461
T,3,infl_z,1.7739371745784664,1.4020814090598055,0.20837357606976756,1363,115,-0.3088248376782461
T,3,gov_eff_z,0.187195881251779,4.678679274011869,0.9681548123797509,1363,115,-0.3088248376782461
T,3,growth_lag,-0.32458695891647393,0.16099087708382429,0.046132050708508385,1363,115,-0.3088248376782461
T,3,lgdp_pc,-12.688911534458748,12.285351657916948,0.30386079885463535,1363,115,-0.3088248376782461
T,3,outcome_lag,-0.38068293545311493,0.07959010497440129,5.2075948243324865e-06,1363,115,-0.3088248376782461
T,4,M_z,-1.3459693797972845,2.821626619777828,0.6342698734074718,1263,114,-0.19612412797625248
T,4,MxW_F,-1.6921907967537042,1.0963856125651141,0.1255232193358139,1263,114,-0.19612412797625248
T,4,MxW_T,-4.297977719696868,3.0514995135317453,0.16173434542839696,1263,114,-0.19612412797625248
T,4,MxW_I,-1.4642392847798895,1.750159648873795,0.4045653305292283,1263,114,-0.19612412797625248
T,4,W_F,1.777787772630902,1.5562658770128814,0.255726622925215,1263,114,-0.19612412797625248
T,4,W_T,-9.693462169819266,4.6822074502533555,0.040705264342310477,1263,114,-0.19612412797625248
T,4,W_I,5.764657818262268,4.001269706953547,0.15243258772436577,1263,114,-0.19612412797625248
T,4,infl_z,2.3908974615791183,1.756133914814403,0.1760784055151597,1263,114,-0.19612412797625248
T,4,gov_eff_z,3.547243776310177,5.643199941982138,0.5308878097502663,1263,114,-0.19612412797625248
T,4,growth_lag,0.21121044043950002,0.2566111125565202,0.4121984138051564,1263,114,-0.19612412797625248
T,4,lgdp_pc,-19.01315898264219,13.149306537174608,0.150960841748404,1263,114,-0.19612412797625248
T,4,outcome_lag,-0.38134916516143924,0.08303376875155279,1.1435742657736933e-05,1263,114,-0.19612412797625248
F,-2,M_z,0.24294927675040584,0.5933431581463257,0.6829333189563613,1488,121,0.10257899773508414
F,-2,MxW_F,0.42163511453863084,0.3235949792238087,0.19507913418364087,1488,121,0.10257899773508414
F,-2,MxW_T,0.8079490144661806,0.46257667546723413,0.08326074665042839,1488,121,0.10257899773508414
F,-2,MxW_I,0.16852318464439675,0.41735033460871435,0.6870835405579594,1488,121,0.10257899773508414
F,-2,W_F,3.3349591788063133,0.25362138863461636,5.256212607393632e-25,1488,121,0.10257899773508414
F,-2,W_T,-1.8828380154625841,1.0611404377190357,0.07854066936828114,1488,121,0.10257899773508414
F,-2,W_I,-0.22155197485620515,0.7163156631843884,0.7576344584097987,1488,121,0.10257899773508414
F,-2,infl_z,0.04675740792409688,0.1879832754361299,0.803993486732133,1488,121,0.10257899773508414
F,-2,gov_eff_z,0.4970402554287252,0.8334335296027475,0.5520470345119571,1488,121,0.10257899773508414
F,-2,lgdp_pc,1.5410644987699147,1.7882467815023548,0.39053072576710623,1488,121,0.10257899773508414
F,-1,M_z,0.16760079660997831,0.2844940329491169,0.5568889687513272,1594,121,0.0219771532179661
F,-1,MxW_F,0.3829488972571181,0.18048598019407067,0.0359141330960763,1594,121,0.0219771532179661
F,-1,MxW_T,0.5442986715533986,0.24816959398458013,0.03021709894062341,1594,121,0.0219771532179661
F,-1,MxW_I,0.10742753547162187,0.24304941345826991,0.6592856515286061,1594,121,0.0219771532179661
F,-1,W_F,1.5011317858299025,0.18989202465613758,1.4581907166387995e-12,1594,121,0.0219771532179661
F,-1,W_T,-0.9906415625895573,0.5463864558176598,0.07231921339339491,1594,121,0.0219771532179661
F,-1,W_I,-0.19249173064763891,0.3983450843193101,0.6298139484522305,1594,121,0.0219771532179661
F,-1,infl_z,0.19453201802283585,0.14076024753656233,0.16953595256893816,1594,121,0.0219771532179661
F,-1,gov_eff_z,0.14764683783787097,0.45464537961064,0.7459344937643599,1594,121,0.0219771532179661
F,-1,lgdp_pc,0.6192124386298286,0.889199070591404,0.4875431837633952,1594,121,0.0219771532179661
F,0,M_z,0.27629748518759184,0.2194929509732683,0.2105463509841543,1663,121,0.0014914773567765393
F,0,MxW_F,0.2254880006874732,0.1963687391796221,0.25313330613546714,1663,121,0.0014914773567765393
F,0,MxW_T,0.04535477824251327,0.3001085350286202,0.8801285718353113,1663,121,0.0014914773567765393
F,0,MxW_I,-0.14616492334320186,0.23095433482630698,0.5280203074386807,1663,121,0.0014914773567765393
F,0,W_F,-1.5480869881330908,0.27242102744727,9.460950179403105e-08,1663,121,0.0014914773567765393
F,0,W_T,-0.912238359102527,0.6333172199768334,0.1523545952586091,1663,121,0.0014914773567765393
F,0,W_I,-0.02848059088872531,0.3020402453044376,0.9250328616013751,1663,121,0.0014914773567765393
F,0,infl_z,0.346293246543831,0.12304873685793598,0.005715045839799182,1663,121,0.0014914773567765393
F,0,gov_eff_z,0.5768968723558764,0.5731058760195601,0.3161453701270054,1663,121,0.0014914773567765393
F,0,growth_lag,-0.09733656263240974,0.04024482030152774,0.017082117238907662,1663,121,0.0014914773567765393
F,0,lgdp_pc,-4.26011607819277,1.4473184910722148,0.003897715494078248,1663,121,0.0014914773567765393
F,1,M_z,0.7139730349606618,0.44625956834060887,0.11227123900011868,1562,120,0.04536201338755239
F,1,MxW_F,0.6303909520227284,0.2859785781339988,0.029424868474199974,1562,120,0.04536201338755239
F,1,MxW_T,-0.20392758551438855,0.46553128087139906,0.6621416588894559,1562,120,0.04536201338755239
F,1,MxW_I,-0.3753619451210407,0.40845900139735386,0.3599697509788931,1562,120,0.04536201338755239
F,1,W_F,-3.595709002054012,0.4517112306303299,1.1359765220336275e-12,1562,120,0.04536201338755239
F,1,W_T,-2.0034117462164183,1.0331970249816076,0.0548636441864382,1562,120,0.04536201338755239
F,1,W_I,-0.3577449001961025,0.5981691628766823,0.5509321468594299,1562,120,0.04536201338755239
F,1,infl_z,0.5457483184358249,0.24043637141473556,0.025018316182358082,1562,120,0.04536201338755239
F,1,gov_eff_z,0.9079798407271535,1.0784592647260838,0.40151977180148624,1562,120,0.04536201338755239
F,1,growth_lag,-0.16394108119071493,0.05496403172261464,0.003466870911593249,1562,120,0.04536201338755239
F,1,lgdp_pc,-6.7862987906888685,2.580213750046128,0.009663318684259193,1562,120,0.04536201338755239
F,2,M_z,1.3038746891499697,0.6531516222684824,0.04818631627052312,1462,120,0.1436084612017582
F,2,MxW_F,1.0600348160934918,0.39799924324434105,0.00880672650379623,1462,120,0.1436084612017582
F,2,MxW_T,-0.4806575319010653,0.6049229730553719,0.428441744241792,1462,120,0.1436084612017582
F,2,MxW_I,-0.4586657764589109,0.486468955335739,0.3476694116245776,1462,120,0.1436084612017582
F,2,W_F,-5.790298828728413,0.4083943114639679,2.5061334174808974e-27,1462,120,0.1436084612017582
F,2,W_T,-3.0280322867689886,1.1803336657900436,0.011547766275573612,1462,120,0.1436084612017582
F,2,W_I,-0.5231963017040084,0.8029252669079094,0.5159075278081644,1462,120,0.1436084612017582
F,2,infl_z,0.48931764136762745,0.4589501526194383,0.2885063677933827,1462,120,0.1436084612017582
F,2,gov_eff_z,1.4401303295708696,1.400304664201636,0.3058284328220582,1462,120,0.1436084612017582
F,2,growth_lag,-0.12665252102173266,0.06422620511737301,0.050932199472037275,1462,120,0.1436084612017582
F,2,lgdp_pc,-8.634133001246273,3.1078511214059015,0.006354042829602659,1462,120,0.1436084612017582
F,3,M_z,1.1984649992937473,0.6694790729895618,0.07603923024519865,1357,117,0.11382233688077051
F,3,MxW_F,0.9761448537173829,0.3268563811198874,0.003443889763133017,1357,117,0.11382233688077051
F,3,MxW_T,-0.4435977721161295,0.6850188281981072,0.5185425487768243,1357,117,0.11382233688077051
F,3,MxW_I,-0.19001035029729518,0.4972255699212286,0.7030558703616984,1357,117,0.11382233688077051
F,3,W_F,-7.650072838470331,0.2444487240366361,2.1688287765240392e-58,1357,117,0.11382233688077051
F,3,W_T,-3.444932284914149,1.2300530523065951,0.005976738444750784,1357,117,0.11382233688077051
F,3,W_I,-0.6765230345135054,0.8785129178656076,0.4428193644456651,1357,117,0.11382233688077051
F,3,infl_z,0.06677812050502818,0.4494024317594439,0.8821326893170012,1357,117,0.11382233688077051
F,3,gov_eff_z,1.3975695132101422,1.6521300016153906,0.3993390769287968,1357,117,0.11382233688077051
F,3,growth_lag,-0.13965716186869134,0.06203791327270233,0.02625903125665415,1357,117,0.11382233688077051
F,3,lgdp_pc,-6.83775810607399,2.7508081892751046,0.014353653478296495,1357,117,0.11382233688077051
F,4,M_z,0.9291048804672909,0.6714763751263753,0.16913797052074483,1258,116,0.08059545492856802
F,4,MxW_F,0.8333742866267244,0.2920473377581697,0.005128661302421833,1258,116,0.08059545492856802
F,4,MxW_T,-0.41111476796206303,0.6801547969878342,0.5467398733857074,1258,116,0.08059545492856802
F,4,MxW_I,0.04030916209993629,0.46509663050854433,0.9310858508156947,1258,116,0.08059545492856802
F,4,W_F,-9.18642796135422,0.39475722613948433,2.5654289411327792e-45,1258,116,0.08059545492856802
F,4,W_T,-3.5789376156185346,1.1711076008571772,0.0027888067459547325,1258,116,0.08059545492856802
F,4,W_I,-0.5356804824291084,0.8338229515707264,0.5218668186523644,1258,116,0.08059545492856802
F,4,infl_z,-0.09293134625780475,0.4820103725059503,0.847456092251045,1258,116,0.08059545492856802
F,4,gov_eff_z,1.3217065303796431,1.6986916794724944,0.4381237216720699,1258,116,0.08059545492856802
F,4,growth_lag,-0.10729971779479412,0.05972416253155937,0.07502614568645075,1258,116,0.08059545492856802
F,4,lgdp_pc,-4.83275381870223,3.135984467000357,0.12604835229671033,1258,116,0.08059545492856802
