q0.1,q0.25,q0.5,q0.75,q0.9
-0.496807366069504,-0.504338330283769,-0.23851447749509838,-0.2938987047456475,-0.36442296368535193
-0.5020816479300014,-0.2887472135656581,-0.31972764831175005,-0.18189837743986778,-0.3144821375053913
-1.3515664543978774,-1.3227571496029404,-1.5633765976783927,-1.6065538180888554,-2.082370829256562
-0.6336482889463035,-0.24495307189682267,-0.3486054979101401,-0.47587410420837495,-0.8023327413973087
-1.287329900872273,-1.3697492408273493,-1.4244022206053941,-1.2511699783664467,-1.341912113972493
-1.5276817614384883,-1.1905412850257573,-1.5229064553000267,-1.3619948315671382,-1.5608013434786698
0.1440512031604128,0.14854685101780848,0.11055546384631884,-0.14811765763234463,-0.06859862859477828
0.13781774564948607,-0.0517710835237242,-0.03766674071983473,-0.1862459408029948,-0.5178640127525911
1.113002480758923,0.8098350863605038,0.9154179720922678,0.8253413351673744,0.44722936094178645
-0.34067820203796345,-0.6231525251737723,-0.3456372590770569,-0.4772809403962995,-0.6267828421491702
-0.6844158709656192,-0.7183071719875997,-0.5964532579655358,-0.7106083128236841,-1.0939732639583637
-1.0843403991808633,-0.8242734028718294,-0.8136920121476425,-0.7633663689178674,-0.9067815698385053
-0.6849784088474995,-0.6106550378709478,-0.44100103595885237,-0.18514941482913158,-0.3001193554700133
-1.2686630745279521,-0.7595748586115707,-0.5974219426788819,-0.7319890483846924,-1.0395422790937725
-0.9380541389927055,-1.0133876751162936,-0.9511959405699936,-0.8876975566991959,-1.2293924964254916
-1.0331314284670285,-1.3224740724475383,-0.9227123322845944,-0.9093889541267459,-1.264651000131551
-1.5738626825317832,-1.5079787330138712,-1.1450990145061855,-1.542068532873011,-1.6114961575024693
-0.8291866306118025,-0.5456604742830882,-0.6315546540877607,-0.5791008186626797,-0.9729453610266486
-0.9405230072680701,-0.8967845137066981,-0.6294048241040071,-0.4350290741637405,-0.6863748822373945
-0.5644374333307699,-0.2728389426461355,0.08724102628132122,-0.024797440615255403,-0.3953008425503706
-0.7486314178756374,-0.9989582180079197,-1.01114527231674,-1.1856744041359044,-1.1649683377355926
-0.8741620427487794,-1.0889024942239198,-1.0210266461816178,-1.5193979434681166,-1.7877425439544674
-1.494067326922215,-1.366820560090884,-1.443761111644485,-1.813943244502732,-1.8257495423153314
-0.5404256816671833,-0.3193260895601527,-0.281356546699105,-0.2557598721730473,-0.19740524213059313
-0.9031140340439029,-1.0510675509780074,-1.1111540581728838,-1.099989898496201,-1.1304768992976535
-0.19006947843854008,-0.6799034336144983,-0.6523088731495901,-1.0311191412906344,-1.3014103959721843
-0.6479881595560808,-0.7375374679253756,-0.3170853350836472,-0.511312710343561,-0.5081040270301981
-0.6129754814674481,-0.4328160215843969,-0.35650452336525984,-0.8265167545705137,-1.1123640990082682
0.6870037380660596,0.7158293236221677,0.6268406124043934,0.5912047597871526,0.4622782117484218
-0.6715855325264014,-0.6405460285450033,-0.3945928835031947,-0.4277685897792117,-0.4761567486084927
-1.7996403775456147,-1.3843715867572708,-1.302455638476395,-1.8256643410496673,-1.86029331979291
-1.415556256048838,-1.3435804717270539,-1.2483844495882381,-1.358798674043934,-1.7521940684081085
0.6197924814163582,0.03797167513108942,0.04613848566479321,-0.27972108786046984,-0.7940938545712505
-0.18965035637956348,0.058078090510701945,0.10661398926409554,-0.004021170049791221,-0.10668719992846265
-0.3356141907646222,-0.4955552013222474,0.07157289229090952,0.09498759238594597,0.03964325143564499
0.08819946068642812,0.3247621782250324,0.26642931236586886,0.4305204633890121,0.2747944437107014
-0.23112409523595248,-0.29428650441039156,-0.3950303353813958,-0.6308488113909319,-0.8690219318731061
-0.8184991532323601,-0.5301223938015613,-0.3824041317434081,-0.12927865506884384,-0.32287070469984996
0.019018242799116552,0.09876773447215956,0.06474999561325549,0.1474145433373537,-0.4390882038649625
-1.0439336200007656,-0.9693243265745836,-0.9623101758645286,-1.207026018462207,-1.1939652671629737
-0.20290569233896502,-0.226666211084235,-0.16803397046667645,-0.4685832674662998,-0.8122928918887972
-1.0965197735299266,-1.0134703111457088,-0.7775812756996611,-0.9566897312078289,-0.9710487281744924
-0.7614631242554764,-0.7298468128680808,-0.624702603010873,-0.7312162586730346,-1.157222159921247
-1.5029980388594653,-1.4947867021922427,-1.190544489717323,-1.0270219631541102,-1.3319603070955044
-0.5558220523080534,-0.551621220604514,-0.5389998191438543,-0.7563499994917366,-1.1758831254397863
-1.4992148777550809,-1.395306418039464,-1.0613630378752983,-1.312512921561073,-1.6810290904772118
-0.9861670685425369,-0.566235598758568,-0.4598136734266106,-0.40051219342865324,-0.35895424265392745
0.06069301551618928,0.28810752604233675,0.36531090962884516,0.026579867466038912,-0.08195988569721063
-0.6570940118035511,-0.8563076668950995,-0.8735251030286635,-0.7706886098848384,-1.3052411105858335
-0.7236739947970292,-1.051510640444053,-0.9267675039037238,-1.0608811768034407,-1.4172564512364694
0.29456508817913496,0.10630274707510563,0.34776509718385296,0.06394214081778694,-0.18774346640851813
-0.2851981888273363,-0.51290883223712,-0.2967988873961749,-0.2894393945986926,-0.44198072281728323
-1.6540744098837457,-1.3430081543018164,-1.3403038791904562,-1.308828959381975,-1.3495974469037124
-1.3695821297053874,-0.9080524816125675,-0.927470257493241,-0.9266511965853156,-1.0820513276861565
0.43154269339093776,0.3437509116611194,0.4948930096516304,0.385755427346303,0.24559026055095487
-0.3039542876369153,-0.29612254627611106,-0.2825327881694008,-0.5122760448744886,-0.8481559709722821
0.2418065317007343,-0.20334838889634535,0.04265506594830484,-0.310159355932611,-0.5316079376016308
-0.7583210518811178,-0.9264415566138292,-0.9555761177080039,-1.4490715869111956,-1.5800996970101076
-1.4372019525486206,-0.9604393521810614,-0.6351740548548176,-0.8666018126699156,-0.9411243502853561
-0.26402707577083223,-0.5051932306251916,-0.5280956882645186,-0.6447313018558581,-0.540927430855887
-1.209873728001082,-1.1839752718208858,-0.8499825507053383,-0.893149948836617,-0.8426474135407519
0.5575231738616179,0.11470418693007729,0.07986108593415032,-0.32559497406819515,-0.7841049956192954
0.8774127222259073,0.9404982328324358,0.9894907462598286,0.7293155785227274,0.3639377790137678
-1.1653413407218454,-1.0701620749857959,-0.7574618075433592,-0.8047529099565115,-0.8173313374971567
0.18604325972811425,-0.20177175266700503,-0.15447704707630397,-0.5865515328213888,-0.6123333409230188
-0.911842354071848,-0.7094865429234659,-0.6706455695210365,-0.7158632482801672,-1.003833160282784
-1.3562823012925909,-1.4740090332832947,-1.1794755200378007,-1.1916325365057185,-1.5329548903184587
-0.40004425892985973,-0.5226194103764598,-0.23737277198998216,-0.18925941066099428,-0.7266727344084604
0.5282678875178403,0.12401451620160465,0.45030957806495864,0.39016970817136093,0.060978529959413455
-0.3950869240757878,-0.5890640905426107,-0.7368768714106605,-1.057735910649877,-1.409756370188683
-1.6558315802885106,-1.3647120285808476,-1.46794525040834,-1.862757393572305,-1.7721725536419524
-0.12003736681564263,-0.11908603992920948,-0.20900326699548658,-0.4974866738162335,-0.6325835555089419
0.04888148007276131,0.12447911965838498,0.2867087396491184,0.32831284145115763,0.16505879026652504
-0.9651871971308359,-0.5309753677923584,-0.21916401907382568,-0.35652830792510143,-0.5410518366241022
-1.1450569973449494,-1.1521151971436303,-0.9868038799670249,-1.4696456469778316,-1.6445888907217772
-1.5059414307801393,-1.4645923443204107,-1.316739739479461,-1.4959893819723318,-1.8173282028508424
-0.8943456679530648,-0.585161821828934,-0.5146543585465598,-0.5352328425951698,-0.7667224249135104
-0.2403192967520034,-0.08345500951688184,-0.01994304654278695,0.14337595014753762,-0.19897372362931337
0.31221633553092387,0.0839002372727722,0.2072477587475001,0.047022222680690305,-0.061963118789271285
0.20391724241109302,-0.48973911681813714,-0.8306551288794174,-1.3023597416041857,-1.3918835330601163
-0.66643649201362,-1.0871350927822454,-0.6903352045137884,-0.7711168972880996,-0.8940805825316515
-0.2751489478879485,0.017222500813167542,0.17226965962346835,0.0005516366194358713,-0.09015889567247667
-0.11344049212295904,-0.21199934198967396,-0.37876080004245566,-0.38822215030130924,-0.7285758585480009
-0.04449891094999087,-0.3885364614124678,-0.5931113223174452,-0.6951761448555848,-0.9571810859026363
-0.49052758923182294,-0.2950029665178329,-0.10310681163069764,-0.30578162630489697,-0.4832784653386092
-0.01377871200625886,-0.5431763471389649,-0.466321800708089,-0.7632906884511246,-0.8567776882091918
-0.6234738489797167,-0.6347834359810245,-0.545351162743592,-0.5074836654015344,-0.7842623168139166
-1.095161449865163,-1.1642541671423823,-1.0024493246717068,-1.0001204394512349,-1.2555098470817394
-1.1331902146723087,-0.9269873312001438,-0.976309464308342,-1.6237124996802075,-1.541568140210917
0.4424221899592322,-0.015447293251620337,-0.4008889876750144,-0.6606095567077257,-0.9874058440624188
-0.9198494824231603,-0.80179244912489,-0.7165875562471279,-0.8975502016524017,-0.8703580468554857
0.8501035216185318,0.6506973245080366,0.8822644409854538,0.7961837907229671,0.7133529596539576
-0.66238136837799,-0.42370346792149277,-0.1762316957774074,-0.44876645512261154,-0.3911131080363638
-1.440030922951582,-1.140766349986493,-0.8084254128274303,-0.9027061962747082,-0.9579382112411172
-1.8801250933351323,-1.624293845606016,-1.5499368549454031,-1.4713400273520645,-1.551639662269387
0.10863605107914406,0.42114299088722146,0.6092384039415457,0.4348737014722018,0.16916721306481108
-1.0974427433313432,-0.6918639868116561,-0.3988559278671085,-0.5708057872616049,-0.7296294437518831
-0.7178779291106984,-0.9967791753218731,-0.5841024712520967,-0.7845608292744203,-0.8834519331481887
-1.3781195481440565,-1.1901841286535209,-1.1615476233995956,-1.1649727050979266,-1.103103955404479
-0.6602634046408451,-0.5802206957972499,-0.4121996583170802,-0.39455800292811527,-0.4803211731817591
-0.13267776868895215,-0.552360229500752,-0.6432317221148722,-0.8219743749698568,-0.8577347007310703
-0.559750604991157,-0.6378558617999683,-0.7042273641969138,-0.7318890895485485,-0.8938919651711481
0.11775678966488298,-0.36244085271935766,-0.19778899763741667,-0.19414900826835896,-0.322236434382316
-1.9705785750557105,-1.6956821952288958,-1.7601332805641121,-1.8904252147197764,-1.7931555424175245
-0.46790641788491527,-1.0926256102416392,-0.9532679170064143,-1.0634303709271973,-2.0704598284007036
-0.7849966237122179,-0.8678651390225948,-0.6625448605167313,-0.6563749898511179,-0.8817897125816281
-0.3735452285837451,-0.8386331373930923,-0.9047592399095314,-1.20391726442555,-1.3382918208537287
-1.9233598791238455,-1.8605920359733998,-1.5214094234656397,-1.5432789358382366,-1.4672059775266029
-0.33798657586918907,-0.23704963687343705,-0.3644225049182585,-0.3750642594892403,-0.49474045431281927
-1.6025757642000984,-1.6105303102617587,-1.5740586541036161,-1.5178131482424475,-1.307068670830702
-0.5210163639708449,-0.2966818828810147,-0.19584105502667998,-0.44449621910878684,-0.8592253873579566
-0.9654323509360428,-0.9551326065821423,-0.5829123523089702,-0.6544353824360062,-1.0830280102356002
-0.5501999324134031,-0.5291015198063366,-0.39980714661564853,-0.24700865690338059,-0.5935313149781041
-1.4366163179246165,-0.5004068459716646,-0.6305356912655475,-0.5439540699594133,-0.6934824134110991
-1.7130049818806972,-1.5684266114392837,-1.6272087216960094,-1.5347485650249417,-1.7618494242058576
-1.579901210811533,-1.4268292104251297,-1.4349351724492387,-1.574678631710082,-1.7072683169426062
-0.5874737958451896,-0.5915976036067894,-0.48153660308423396,-0.5960102932767487,-0.6508644405161138
-0.234514442003206,-0.5834762288657982,-0.48917022719535697,-0.2749015061451678,-0.45066024964373397
0.7901092741419435,0.46485844516969177,0.09757565540607638,-0.06320905131009431,-0.17260003221696543
1.0246524664379473,0.8303373259919649,0.7003954452948038,0.7593398778973145,0.289108813649946
-0.6925554245167609,-0.4733719761586543,-0.4716593232677384,-0.2778122033086003,-0.2665945458556355
-0.45049754184229784,-0.3422447149867305,-0.23025517072877774,-0.12297048865614411,-0.4957785984275909
-1.1469262569353251,-1.210482993045734,-1.0964879527369562,-1.1489458522786289,-1.4007169026957005
-0.12868377502871478,-0.49331655689444365,-0.6780785079821243,-0.7404298159160598,-0.973432453735428
-0.7185913604046328,-1.0709414238919583,-0.6824695391814709,-0.8115675783291662,-1.1867259763600124
-1.43687626614743,-1.217026845914947,-0.9007553350905675,-1.2250721443136898,-1.3136321396434152
1.460115945831266,1.3693898069071606,1.217000406089435,1.0679727600138869,0.9824923215921894
-0.37512204413832745,-0.4948472145984004,-0.48725140433801756,-0.5284666719932535,-0.7062473864199177
-0.17104470959886334,-0.37799468277964704,-0.20477633872476556,-0.09148791658169654,-0.34313656653011176
-0.3954292660160177,-0.17790569403869602,-0.06468501710524534,0.008861277074801124,-0.3858833748417793
-0.06372243449414558,-0.39054313100285354,-0.08371246452057839,-0.35368874803271166,-0.38083351018318545
-1.0369392080478408,-0.4704156158370371,-0.7598801252622563,-0.7905453000471723,-1.20862502151631
-0.23729473956439898,-0.021391268725560023,0.06997848094438953,0.018544941892863223,0.1351383530792195
-0.9457048368316856,-0.8703129502938151,-0.8860016003387082,-1.087802477520699,-1.3242830207391367
0.7126489638286948,0.48271353337526307,0.3188653417347267,0.08432563869416423,-0.0245522436347846
0.5169612291126224,0.2281392503874675,0.03010769404829554,-0.07568913060810745,-0.4072709671681364
-0.7044226241019366,-0.39270737531144617,-0.7160247425063836,-0.8357587895287333,-1.0742190875193856
-0.7385276935041888,-0.8025844428028404,-0.761875246878992,-0.9332256646241281,-0.9321109867717005
-0.8546677716854054,-1.1628294419871597,-0.713078927319869,-0.8344322631824402,-0.958279307512193
-1.3121493054978235,-1.0214751191084448,-0.7602746522879801,-0.8529224479968843,-0.9034341388961749
-0.8719721627044905,-1.1909468095751854,-1.1340402570732901,-0.924083144051813,-1.214640110419356
-0.5022045493232266,-0.5314930660248968,-0.5949886840387281,-0.7253544416997508,-0.9543294831106085
-0.7636262652267553,-0.8795527695585391,-0.6938807432128444,-1.0940813616294123,-1.4691896799841875
-1.0632884165515692,-1.3481854341690418,-1.2046898629066316,-1.2363756427909136,-1.2837703277307637
-1.239094631299954,-1.1810700733065584,-1.0453508609248718,-1.3052197643587078,-1.431769857181557
-0.19903780427615841,0.062291241888356344,0.13894963439367955,0.2620152560324479,0.09862463961249515
-0.14315893688590878,-0.46145747020184735,-0.4828370166171339,-0.5000521943805306,-0.4486619722840181
-2.7078873183104726,-2.5875813695051955,-2.210456763397199,-2.1447797554304247,-2.27192701577024
0.17464213032925419,0.31070795934425244,0.10904002521037785,-0.025662095335255087,-0.4897221494616875
-0.5857291812923574,-0.7249654472381346,-0.6042290468888073,-0.7417182526029259,-0.8598195596813041
-1.0392825850599647,-1.2966453273240717,-1.1132096770267306,-1.1445370211538766,-1.0864203355654052
-1.1030548100776605,-0.9544275219815685,-1.0337590193589115,-0.9931137856793522,-1.2854133670158996
-0.5397664382784317,-0.582475786910009,-0.30573977534160446,-0.2034344765521671,-0.5881026059479695
-1.2340286625102692,-0.978151081801152,-0.8000688064342925,-0.9813069155007355,-0.8894800333821377
-1.3772561617354981,-0.8169964272976602,-0.779510784610513,-0.8765449036655594,-1.064500212889351
-0.478873816016604,-0.9016733470185158,-0.8680862369042567,-0.9011589106590691,-1.1542647144982263
-0.06778727240365966,-0.5097573196874805,-0.504705346837285,-0.8712751653835246,-0.9227091014454082
1.1328403786482415,0.4415929331479158,0.3457566748580277,0.1318389583790087,-0.20138132357828653
0.027645043154088358,-0.008507136521248468,0.05083911298093385,0.06301585370978012,0.06361217706415193
-0.4066813488019456,-0.37931030171134644,-0.6385544019084644,-0.6229868146906352,-0.8205809909744667
-0.23024413559082973,-0.08543232481847053,-0.04125679775485464,0.02350768196225137,-0.05041792690053762
-0.6396008007210332,-0.8721637232057632,-0.5252167376604594,-0.8492912379766554,-1.105169826703118
-0.4816266683457982,-0.7585447285483228,-0.5644248815883564,-0.9085821574246188,-1.103221424958656
-1.1481899571091987,-1.4229284552101504,-1.3697576937052938,-1.7622913396388413,-1.8062824965224515
-1.0934887920967264,-1.2356201667539797,-1.3347006690008867,-1.4012055516948474,-1.1875614824360423
-0.051906007867149453,-0.7422902347306873,-0.41827134671583116,-0.5033389177739709,-0.2524037323534817
-0.5781085193705701,-0.8537571804301677,-1.0428847993331167,-1.3141576375227588,-1.3671995881877685
0.5773346891319482,0.2694924026967348,0.4143378970082569,0.2404885535803901,0.14951979894194223
-0.6205697170712847,-0.656058574278959,-0.512778231806786,-0.7150143600336659,-0.7523413081395636
-1.0980913026696253,-1.0440393952920426,-1.2570186165886885,-1.1697998182386073,-1.1619833415434826
-0.8213895880541978,-0.5472204204210166,-0.17333819850703835,-0.06407747290500927,-0.06783303051838445
-0.112028012548022,-0.3912729919099473,-0.2851974567382446,-0.16819913240950596,-0.2692106067256791
-0.5154609391331121,-0.9362489206378874,-1.1324212627241899,-1.4397369032088558,-1.8406927306755216
-0.4336309796782694,-0.3525258138634703,-0.34390287120371366,-0.47019709694480827,-1.08290652892528
-1.3131019563334425,-0.8859826585325139,-0.821215951849165,-0.9860214294217156,-1.4115304329113711
-0.609156266099164,-0.3655761307303795,-0.5471574587174066,-0.4647793092165381,-1.069805895795208
-0.8830557327549026,-1.040498345477704,-0.7553250073471535,-0.9789482664089664,-1.0585106568032105
-0.748495074250634,-0.6191537047526808,-0.49173178224739716,-0.6461520697867781,-0.5614930630321302
0.669246214486556,0.5395046032996934,0.3648269644603502,0.06064276220644567,-0.2839272256809444
0.3896729267510434,0.3239646881151242,0.5804175105626951,0.7493701499627735,0.4306858169988334
-0.2413892470708663,-0.13221414918048374,0.004603277034836717,0.13487504527635266,-0.07209690598470017
-0.16057901472825337,-0.6497578221946463,-0.7512936933621308,-0.926952204513017,-1.0479745722090723
0.007258889251330897,0.2893473432329532,0.40435532341398006,0.3715829793344001,0.37605316106853437
-0.8962893064891443,-0.8195151942763923,-0.8330757757792676,-1.051431293662973,-1.1873803205245497
0.46887009152047077,0.5453825271400727,0.4529561750558067,0.44161085096526703,0.33699237322631537
-0.03250713327634016,-0.43544823941206157,-0.46475884651326416,-0.7548321462724661,-0.9258298502518764
0.09908142848112263,-0.12841767091270112,-0.12651961544941823,-0.12159712832113384,-0.2093351165996347
-1.092316819712811,-0.7530933984332598,-0.6589312595746364,-0.5066484383526096,-1.0505295830172274
-0.22424234345238234,-0.20453500522114051,-0.19095766885276363,-0.29021525164838974,-0.2605640431705445
0.06683896664929202,-0.11893526781545152,0.12738366785208546,-0.19565575868138937,-0.609728999916421
-0.9740171565381581,-0.8083153238982236,-0.8726976955208351,-0.7950665013380239,-1.2363267016891881
-1.161075859517481,-1.0254850675213854,-0.6803136466780806,-1.0613890174916785,-1.4278282281978172
-1.2330723019010303,-1.228397622126333,-1.082942220204315,-1.0404188202207856,-1.0960146438781406
-1.4018610598863175,-1.0543453174221957,-0.7565728616457106,-0.9675390591337348,-1.1239061117085996
-0.46349865282845465,-0.11022825423537291,-0.20668418753408074,-0.15724175708832544,-0.38511245771498726
0.019913206048597584,0.06385445370782862,0.06557629556074576,0.22408276239664635,-0.17316739485659724
-1.1463052596093102,-1.0415760674762904,-0.7440516784564831,-0.9416892742329243,-1.1482666518104034
-1.2693842756594367,-1.0575985550672404,-1.3701310726356992,-1.5241538107352606,-1.8415083504524792
-1.4699830245602195,-0.9461031603304402,-0.7256132823523441,-0.8935138832348903,-0.983926381778497
0.9443069557305672,0.9570676398661724,0.6610975322523129,0.6107650851515217,0.24873325510721409
-0.10310670651430841,-0.009949813877314946,-0.23589757782169865,-0.3183492538042193,-0.5372629764038328
-1.3392235992024881,-1.6674489469433256,-1.6183488337277248,-1.8502884703394433,-1.9657643046369278
-1.1898456917368574,-0.5793354416652828,-0.5157265955011295,-0.7377083518560763,-0.9234819593110986
0.16708168799580644,0.272619915615584,0.1995186102022533,0.13011228681168127,-0.20113915483871322
-0.8557100674280658,-0.7009521165750926,-0.47737410150034104,-0.5951383478289243,-0.5574102642765073
-1.5420689642112058,-1.720905813520631,-1.5059658635722317,-1.3973013326154475,-1.878305086222421
-1.2603987635288232,-1.3305207806524142,-1.1805898562745485,-1.2090452038865274,-1.3444035487804271
-0.938240889194536,-1.0295157180321015,-0.8528632428882215,-0.8348824786904726,-1.0339554799475195
0.6136845947395402,0.1714204839153935,-0.050457426398885674,-0.28811078153564373,-0.5058541969517749
-0.6977834295400038,-0.657561947519874,-0.35105648422618635,-0.43554796986181327,-0.5204750702605409
-1.0368648619043082,-0.6622770713404261,-0.18823412247707136,-0.2848530667980777,-0.32182337846875403
-0.3028386565116137,-0.4545051319490665,-0.2950410066426289,-0.6009248937011273,-0.5758294459227928
-0.7168824200722559,-0.8489478047321257,-1.0139451579842225,-1.0410997478925925,-1.1527656492652698
-1.1717905508683801,-1.1292940817758312,-1.165624099669213,-1.367953573338245,-1.5665815023123022
0.4361985346531276,0.20888745229160624,0.43786023445199457,0.44631245980507556,-0.17379299993642383
0.5966904236364082,0.5445510579405932,0.7829844413964986,0.5770495927218217,0.19367467073092715
0.3375742469201687,0.21926340737519978,0.3592011421668561,0.02509220312349416,0.07457196574836454
-0.8239513791829804,-0.7821699083095089,-0.7793672950093556,-0.8965611096461379,-1.0701821081868037
-0.26667030026019123,-0.1821362394299048,-0.1996775045727411,-0.3794789637851254,-0.8184637800465135
-0.4615731898922937,-0.6345299697203926,-0.5019660268694641,-0.4656843910542962,-0.5518141729946023
-0.7415795878950424,-0.513976750345303,-0.3529523444985292,-0.48294597725404986,-1.0628197264383903
0.31182297561529726,0.1897206715280692,0.10771712334508671,0.08242782760540529,-0.12782630318411553
0.16688331205622514,-0.2095288303699164,-0.1816269099480665,-0.2876209259663579,-0.5031968912699685
-0.09659139484568764,-0.034940069252400924,-0.026980555967483635,-0.16166472037675048,-0.2952817920973187
-0.03699265239929605,-0.4657478113351445,-0.3537276185895165,-0.3456487632719457,-0.6234549594522492
-0.7366848749972986,-0.6011546422015903,-0.6081397822930285,-0.7386206053106293,-1.3141816915043116
-0.9361886173915768,-0.9728502597846692,-1.0913496637556397,-1.0861522509771906,-1.3733314230524212
-1.724734466828552,-1.6449271529977405,-1.7223602157629143,-1.747397764634112,-2.0281259629881045
-0.6197784257435099,-0.5708658556296612,-0.33099791733385486,-0.4566991616653478,-0.7780261340308168
-0.5581432710297537,-0.7227837837608314,-0.16569264266219497,-0.2334319661235987,-0.1189273809320059
-0.3562357226605121,-0.6459537525262489,-0.41248542131675947,-0.6990227584855258,-0.9751347054484463
-1.053339511874973,-1.0053089359295424,-1.0117963537658063,-1.3283652619781006,-1.5479549717961207
0.2981354278827205,0.038314354663213646,0.057987586714035935,0.04275544492859727,-0.00361184618823675
-0.4246824869895054,-0.49974575002492294,-0.508972984013367,-0.6617831801722339,-1.0029424121727888
-0.5499032618326721,-0.5137160168098726,-0.49257070592443597,-0.8874673091548675,-0.7960280963720131
-0.9736788894950559,-1.0697886226921247,-0.6077095951382214,-0.671103405136754,-0.9642541888714272
0.4202575218615413,0.18022847369219724,0.05828845642687725,-0.0676767797808098,-0.34612162904947213
-1.2893771022379903,-0.9410475935487426,-0.9024106062529161,-1.1215650591177906,-1.2924227231044139
-0.02152250158918277,-0.16257101276309516,0.0752862520114618,0.18153079713870288,0.399931466544348
-0.7306957662580342,-0.7504529945071261,-0.7763152992831276,-0.8127148950506373,-0.9223540929990185
-1.4454972643523154,-1.1984490160837158,-0.9106826044301537,-0.8328874557962485,-1.2218441822800616
-0.676407126513464,-0.9608265861796761,-0.8935354749567361,-1.006230540746426,-1.2571708931916703
-1.174756102620625,-1.4580174811973128,-1.0467127849817242,-1.0885542667092183,-1.5429337280100197
-1.9432430939167296,-1.7471429344849105,-1.4849747287421913,-1.5021973216440976,-1.5850607107588528
-0.32299140984317415,-0.3162918205317808,-0.013803563702909754,-0.07427250283891987,-0.21870941776824476
-0.018559307984214148,-0.5464829594113267,-0.27845142443955634,-0.7243839154684367,-0.6768314946532648
-0.7577747832598608,-0.5810849795796265,-0.25234033845902837,-0.12287764199760233,-0.5207344271163864
0.12760272530226677,-0.2832269479288744,-0.28108122750458797,-0.7475089795906007,-0.6925133669849204
-0.9756361962613337,-0.8670202589395051,-0.8726390955222327,-1.1315947079562239,-1.8863248831790784
-0.2999470178315934,-0.3650648016713382,-0.22199242813329545,-0.20247901776864488,-0.48250254118486047
-0.5147631051274132,-0.6549812166818161,-0.23755675750182476,-0.23257111408401018,-0.44373624147326557
-0.8968620020153766,-0.8941980333680423,-0.7768793640644858,-0.9951923397444831,-0.9085546909559232
-1.333601910451483,-1.1174031781757512,-0.9277795355250867,-0.6969385217895796,-1.0665871386605317
-1.2494419886401664,-1.1275810929851886,-1.0015599515950826,-0.9258673062070558,-1.0512998585464473
-0.6584095251967367,-0.6217131566693996,-0.7396314405004542,-0.6930887023240346,-0.7755177604353317
1.082598836577095,0.890051670054517,0.8077913622204742,0.573147643485611,0.16199992199669488
1.2170660230296426,0.6709387591238525,0.15064456029097947,-0.013043894533343377,-0.20035747779256596
0.33280931010703707,0.2045596874018605,0.4732388921904041,0.2819444825606926,0.03226814170009318
0.2328797495552796,-0.22269902597109315,-0.4809351113516167,-0.45542808262156653,-0.7658540986155774
-1.6236225782754465,-1.2561845793792594,-1.1820230263938771,-1.0850398669411832,-1.5013266179406046
-1.2098217388910384,-1.334169219143457,-1.4059215739504676,-1.5301003421325108,-1.6760836127224226
-0.4488270603479519,-0.583469831737039,-0.6069563693084391,-0.6247401789310658,-0.6291343106505385
-0.42911156613709156,-0.25997245608096736,-0.13882905743896354,-0.4679247282273379,-0.6756949442719468
-0.0007360521555145166,-0.12062943799873561,0.2067095469393833,0.054458920624255384,-0.2967748094428773
-0.858455286166717,-0.8940461903321969,-0.854116599776405,-0.9680699829007018,-1.0524016008139294
0.4214024050717277,0.05188090542311347,0.33530623550698124,0.4248740151488742,0.14982342521342587
0.21621956211412288,0.5372909012076742,0.3005244894933965,0.5331475337213363,0.3711438324935643
-1.5914551099469219,-1.4023173046687838,-1.1047068618796267,-1.2830324157807935,-1.186810472450716
0.10081687246123587,-0.2144936927827163,-0.18144775848449726,-0.22599948303491801,-0.32779960136685066
-1.0523306422146579,-0.6070718203416047,-0.6458726937250199,-0.7460817586125751,-0.6843163274694498
-0.2614030747713062,-0.5098160176830772,-0.13820440054005317,-0.026189687849103745,0.2259662449783105
-1.866474146637658,-1.578580453796073,-1.208863593888973,-1.2250356846132495,-1.9148935708395833
0.40677109207244344,0.08119159579364588,-0.13000036299278345,-0.1925970396860038,-0.5553604316784302
-1.80609718225792,-1.6765991103429698,-1.2236338530939377,-1.3930076241847684,-1.4732137820012305
-0.780522141377153,-0.7364776732750953,-0.7607849073443386,-0.9553660911315678,-1.2157487972762586
-0.28860260391217896,-0.3637464246212828,0.028660997686429043,0.022504650609235604,-0.07016661608393521
-0.6683942056901815,-0.6166050906536983,-0.8781385697875517,-1.039845461753798,-1.3187881614622647
-0.07954959478804101,-0.3544042777942154,-0.4864500773388944,-0.5928046838725454,-1.002220201643481
0.2238343264691465,0.11592353559282936,0.0967750822721725,0.17704891843736786,-0.055891191300049936
-1.0892892020409626,-0.8974857142791287,-0.6220945042592883,-0.7956826616476338,-0.9084728987028928
-0.6528493609976072,-0.5297469656849737,-0.3333515765995166,-0.022716662032929665,-0.2516091447876172
-1.2159870916905098,-1.0062218877164053,-0.8124061315082751,-0.9257835838016842,-0.6003742126820683
-0.8434821264440644,-0.72950443281218,-0.8914499625948763,-0.8482369119805094,-0.8627533780707689
0.12482442792785631,0.30970723926998983,0.5308255496909415,0.25636191147890697,-0.2612693258483375
-0.6244823466646793,-0.8214789295609877,-0.8101968809464292,-0.8384566059568532,-0.9886844610742532
-0.2094864327315179,-0.2979351346376882,-0.04398945294792411,-0.21921335863140964,-0.20860461243949938
-0.5743921733309492,-0.42770375729098664,-0.6094489764388712,-0.643956136847891,-0.707527464801954
-0.5320438404333117,-0.34930508734650967,-0.13483107330123945,0.0314430316898568,0.09768414052529481
-1.0683643720155178,-1.379032238839896,-1.4871068297319698,-1.6673872236859404,-1.5542048802017796
-0.6162965163407562,-0.38215745525102013,-3.337681945094402e-05,-0.11338044798914373,-0.18206744873835404
-0.6033834008069243,-0.599850997028156,-0.44845557449812595,-0.7808665650781291,-1.1645239238491487
-0.11325222740519415,0.17561727857378578,-0.018244910820819343,0.014611860965815125,-0.2340092004927639
-1.421383915056195,-1.0984995678063676,-1.0095600224550971,-1.161076755045739,-1.388104892555894
-0.20142205153428924,-0.4527157171961725,-0.13602050211096836,-0.1491186645699999,-0.3023352709370424
-0.1699618283334652,-0.4174568143655696,0.015283609326821355,-0.15145348258466565,-0.13137191743682522
-0.7769316306329017,-0.706471432707156,-0.6820827120784017,-0.6591853037984517,-0.9900916060110658
-1.1791765398892182,-1.2525651486797873,-1.0638735987246817,-1.23915817664808,-1.2442320158312328
-0.018929209700203047,-0.4551572156370413,-0.4315355861523076,-0.7630616103298065,-0.9586824897067278
0.2970121052140009,-0.1345944239883142,0.23951253162450548,0.11893761398370901,0.2505142725634363
-0.3106902104823353,-0.39025322057558653,-0.18848737261531104,-0.5247073419883316,-0.5290521268308553
-1.3165803967792238,-1.1601975327063478,-1.1465431156483485,-1.3877505543612676,-1.4441535388363973
0.3581883221489635,0.3427729022927573,0.3214652525032906,0.35142482777780715,-0.05856211001306514
0.3753098782266559,0.47984634646617175,0.5025929648503634,0.6176651441060421,0.10776353880746062
0.15445372791140236,-0.18757046099855343,-0.11891050967700947,-0.40429126675729476,-0.625673754289362
-1.1966626517256647,-1.0610053253364091,-0.89016129084092,-1.0089488174139924,-1.0544805335936562
0.12279468890885509,-0.13791443393875158,-0.5002544354000728,-0.8454703236607163,-0.7414950744072644
-1.2528979726132106,-1.644729873178632,-1.5782754175804579,-1.8672693549014607,-2.0988604770998
0.22567849295978276,0.1217111416503516,0.1529893717801986,0.11811204753920936,0.0466624914449226
-0.9392024954370433,-0.7550236763920635,-0.4603347168990474,-0.29890431668138717,-0.573577911412421
-1.139636373053882,-0.9883789636120895,-0.9851270179149758,-1.0773201120525655,-1.136894846408711
-1.541297289458485,-1.6633817556179196,-1.3540404695480628,-1.5276835237683148,-1.841499649052944
0.6152550162893888,0.195797928677266,0.39483027372510615,0.18605068851422196,-0.01942495824676934
0.3909446548508651,0.302041204685199,0.1666247382247006,0.2643892737052186,-0.1315482255719428
-0.531995174447072,-0.2843661528231604,-0.3026224590076146,-0.40469813819081496,-0.5910891416973709
0.5696603721922828,0.2647044387774226,0.39074358467856907,0.047167789400467994,0.06769239414226655
-1.180405312391283,-0.9758477616311522,-0.8884708028798978,-0.9067692999578417,-0.9230662508680294
-1.5013002395199124,-1.2996970997455624,-1.1742033273675145,-1.1039111548170144,-1.0615862830835674
-0.7098838563256084,-0.8685400128074338,-0.9382805190723195,-1.2496162459892601,-1.547818612883323
-0.9473398726847402,-1.2932983354454264,-1.054166860463881,-1.271044677666078,-1.171580554349531
-0.29934437769132766,-0.046759036001211424,0.19997757134481867,0.2565240375015556,0.03774604227770354
0.9279078039373649,0.528181812532109,0.5757280205062398,0.6609053323143258,0.4054278278635935
-0.37628011089858504,-0.2923669128238355,-0.21972768368894535,-0.3720010391270661,-0.7063594846177714
-0.6301388555705406,-0.6246811106340112,-0.6841879075192102,-0.8565307020767282,-1.0711142981044715
-2.162571197258807,-1.5124769718376436,-1.5828591193642194,-1.4257600879569532,-1.4175066574871207
-2.2224948399015543,-1.7747991151691331,-1.63985602516473,-1.859509348972848,-2.006172946836375
-0.6076550950543427,-0.34969340936538695,-0.41283631255381037,-0.551815732524737,-0.9440804933332536
-0.4418569257169887,0.004094279414480877,0.16993469884877,0.05080194178753206,0.2505634331024984
-0.6586902573118334,-0.4872430410978478,-0.3635085714476523,-0.15342511859958044,-0.48963313885827403
-0.14968440666400482,-0.384584380887901,-0.3980554381652277,-0.508237208098266,-0.8643869068086422
-0.569840877364158,-0.5164895548590823,-0.4165211544443645,-0.6660118344591083,-0.9030975911216551
0.8243088809651334,0.3343424663478593,0.41479721003033776,0.15534752142672958,0.0998655567991906
-2.488021477817756,-2.231929543419864,-1.9999952957580764,-1.8544019841428145,-2.10452913581743
-1.0093757872723215,-0.6669170123258876,-0.7550332853858662,-0.7346243264201459,-0.5613907214539416
0.006025185613921326,-0.3253354671618446,-0.22975042013152508,-0.3045092785649071,-0.4820145424971549
-0.05255700551355207,0.09299242666881054,0.44384486286396185,0.3271920436819128,0.20841849438362578
-1.753043926458887,-1.6541192768570423,-1.536342061021074,-1.7136263891686074,-2.05006679594549
-0.06037676136856692,-0.2944553401757294,-0.496485683864235,-0.7672638112518059,-0.8798528476911418
-0.7590688173934416,-0.7243918790918806,-0.48386805013081907,-0.2512173138703331,-0.5603660657497166
-0.12475483553036641,-0.269858211625061,-0.0005763292253006402,-0.010159893633998305,-0.316374217399231
-0.9442450467101003,-0.7099944848858885,-0.4735278508350902,-0.6067767091998766,-0.9760094794520499
-0.10082778826046729,-0.32449259302508093,-0.4326744785412866,-0.706880996940088,-0.84630643200728
-1.6587578068061404,-1.2540380999254568,-1.079893286029675,-0.879874178195999,-1.0836445853004775
0.23771889324669526,-0.05367457556746921,-0.02011984052014975,-0.3151563264624063,-0.5058990977676004
-1.0062085179015368,-0.6386890806585928,-0.6592985855548745,-0.6902879050556893,-1.3787663419124618
-0.3176216779768594,-0.44307098888255303,-0.45249213509169517,-0.38324930485241165,-0.6331281181988926
-1.8179351106476518,-1.3664005032200321,-1.4878633792284823,-1.5949888935623968,-1.5538214703584148
-1.367567799715405,-1.1785267249187392,-1.1238455162216199,-1.271264029661167,-1.3504411400357021
-0.27994843093735367,-0.8145556283590307,-0.8893441165097546,-1.2080587768519453,-1.3571398593943986
-0.9899993377756913,-1.1332886891752811,-0.8141322288659254,-0.9119581304668917,-1.4540688377814894
-0.4982643117907348,-0.26353365201204776,-0.2134128646507704,-0.20141438309653528,-0.407424842014117
-1.310856285238999,-1.2970424089120167,-1.2804251946817737,-1.263879328236115,-1.0831677040988166
0.45119417405559403,0.31609447038414495,0.40352687201421955,0.11402744760733455,-0.12428181701069929
-0.9846105867114934,-0.5753479050890064,-0.4482386518397536,-0.6442926145157138,-0.8615101599161159
0.2798841370234504,0.2799375990424567,0.25714508043258466,0.1977503717714718,0.08702896485652176
-1.7517668926255596,-1.5944717435893312,-1.4696644325765744,-1.3701012056314315,-1.623019531725754
-1.0924835594466444,-0.9593551183627704,-1.0578298497025673,-1.368937674536604,-1.6751630246044875
-0.6900344573349201,-0.4747159888107884,-0.24949711522732848,-0.6330174753403663,-0.6841755226687869
0.7732153845621045,0.7611897449066725,0.896606525784912,0.8535379950001333,0.5242838806458202
-1.410473825060972,-1.3938109900156108,-1.237948707943627,-1.4609243731105634,-1.7291957708819734
-0.7685003397158892,-0.4572125910909042,-0.3452901109636431,-0.28840904035207304,-0.7041402934954236
-0.6417527308930107,-0.6375161481022854,-0.05702977924023342,0.06960081641936852,-0.29051528980556773
-1.7087658974240427,-1.6825412893816347,-1.3991083939908935,-1.594790025698853,-1.6198530619846285
0.3843867575351459,0.10467459973865131,0.33247989661889704,0.13361975085668037,-0.1255487084884213
-1.5707891589754437,-1.4357948843223836,-1.4426999924387454,-1.4989742934587542,-1.720973522891044
-1.2174058508776744,-0.9600925099978557,-0.8382743347383549,-0.8351068159333447,-0.8702942498717189
-1.0935565730128354,-0.7787774778106975,-0.8002011804590614,-0.8682315531925274,-0.6059682381992206
-1.0436866702382763,-1.105347395545308,-0.8718026055369249,-0.9315284602917983,-0.9914610975372901
-0.630810405906701,-0.9370886246479165,-0.8044239045016298,-0.9549911685254239,-1.4770151508263116
0.6904753073233543,0.5683450026189865,0.33426881518352497,0.27210011035123055,-0.2748527354986142
-0.5979779942181158,-0.6207520478398075,-0.5464066670603117,-0.5504493259073394,-0.5216001835073553
-0.8802239591536566,-1.0560345888847915,-1.0018467306204444,-1.2403223969630182,-1.3959818160927564
-1.6804702064770012,-1.4056530212234697,-1.4441535395412053,-1.4518495697691127,-1.1081791650643076
-1.7574251891225625,-1.6622981179549252,-1.3391107909641315,-1.6527526080394346,-1.708743121507121
-0.1754059954515655,-0.5681687475411837,-0.49592995704452303,-0.3133983546260027,-0.7849525225146539
-0.7959946368839672,-1.1429736946158426,-1.2169648806631528,-1.3543350983002629,-1.3158798180394298
-1.669940227795302,-1.6511277508208029,-1.4321998342683946,-1.4717453213435814,-1.5322877083386686
-0.47673906757717316,-0.21932056981386436,-0.294538622842083,-0.2173250052518485,-0.47772046833211984
-0.6417527545914055,-0.4001317384516236,-0.4004996471247426,-0.4852337816991487,-0.6316646505421473
-0.8814668085992439,-0.8213581644060698,-0.9130394635856737,-1.0375330326050194,-1.0443226649664323
1.3456205892827091,1.00084471186616,0.958560015945994,0.8610686864335816,0.8906202469464491
-1.1238159607635227,-1.20562650630848,-1.2434729301633387,-1.5367996131613515,-1.8273955428591848
-0.870643008163736,-0.8247606854576967,-0.7650638536498606,-0.8015920041173571,-0.8993029530461939
-0.3451169862549883,-0.6637616669769867,-0.5810079462107307,-0.7620191622282823,-0.9996252584677084
-0.1149135166114363,-0.11240718207643949,-0.008622002201605779,-0.19404393225868422,-0.1897317853738692
-1.4886795510951896,-1.8913571080734104,-1.9697521424116746,-1.9074246007595876,-1.7531839581181423
-0.7791373154593805,-0.9722966163223018,-0.7000093118776249,-0.812824581282847,-1.0588987122473428
-0.8442158604380353,-0.7630062628024427,-0.5552492068640407,-0.5359089604113741,-0.7307627805731679
-1.1084413283063468,-1.2735345607930035,-1.0041471125203838,-1.1572786724227702,-1.3898690945898922
-0.8626824280462504,-0.7137207304945463,-0.32404010570463715,-0.4142506609131985,-0.41813348299814335
-1.1491850428485788,-0.8810683638334493,-0.5205599111702167,-0.7934245865977337,-0.872257912953724
-0.05876904240440461,-0.07476714179451459,-0.09383706780232375,-0.036812158928953294,0.10254711851273952
-1.9083579507438453,-1.527472659248345,-1.3257472185145915,-1.5453703453861256,-1.6847080975835411
-0.5511149246916581,-0.33468862577571395,-0.6164948549031372,-0.9076523758862809,-0.9487866600912748
-0.9484330084280936,-0.7807158110894635,-0.7097365456337252,-0.966760659727668,-0.9924085750694791
-0.8944091011623839,-0.8859473971883945,-0.8557487008106943,-1.0805902948311357,-0.83705956016241
-0.17299207749571985,-0.3786283634423907,-0.4718683741914499,-0.28638850791138626,-0.46183948993328827
-1.7839591079221946,-1.4023351752705573,-1.6895930773940855,-1.7356752818803558,-1.8062083451372026
-0.6605718327414226,-1.1366470037453087,-0.9469202414473479,-0.8350506557005231,-0.8363981669108361
-0.08266361228569295,-0.4313066759099881,-0.5412621469512522,-0.7246971290237655,-0.7729258398216221
